FishInfoID,Year,Field ID,Vessel,Set ID,Site,Collection Date,LONDM,LATDD,LONDD,Depth (m),Fork Length (cm),Wt (kg),Sex,Otolith Num,FC Num,Field Notes,Species,Collection,On-Target Reads,% GT,hybridclass,Genetic Notes,Age (years)
2161,2004,Vermilion Rockfish,Aggressor,04-01-05-002,189,11/10/2004,119 58.814,34.393933,119.980233,76.9,27,0.33,Female,V0014,X0786,,vermilion,V-C,60433,98.46,,,
2196,2004,Vermilion Rockfish,Aggressor,04-01-05-002,189,11/10/2004,119 58.814,34.3941,119.980233,81.1,33,0.69,Female,V0003,X0775,,vermilion,V-C,56894,98.97,,,5
2200,2004,Vermilion Rockfish,Aggressor,04-01-05-002,189,11/10/2004,119 58.814,34.3941,119.980233,81.1,36,0.86,Male,V0001,X0773,,vermilion,V-C,62550,98.46,,,5
2202,2004,Vermilion Rockfish,Aggressor,04-01-05-002,189,11/10/2004,119 58.814,34.3941,119.980233,81.1,30,0.53,Female,V0002,X0774,,vermilion,V-C,67635,93.85,,,
2205,2004,Vermilion Rockfish,Aggressor,04-01-05-002,189,11/10/2004,119 58.814,34.3941,119.980233,81.1,29,0.48,Male,V0010,X0782,,vermilion,V-C,73760,82.56,,,5
2215,2004,Vermilion Rockfish,Aggressor,04-01-05-002,189,11/10/2004,119 58.806,34.39415,119.9801,81.1,32,0.61,Male,V0009,X0781,,vermilion,V-C,63866,97.44,,,5
2216,2004,Vermilion Rockfish,Aggressor,04-01-05-002,189,11/10/2004,119 58.806,34.39415,119.9801,81.1,35,0.78,Male,V0011,X0783,,vermilion,V-C,66369,95.38,,,5
2217,2004,Vermilion Rockfish,Aggressor,04-01-05-002,189,11/10/2004,119 58.806,34.39415,119.9801,81.1,35,0.73,Female,V0012,X0784,,vermilion,V-C,71034,98.46,,,5
2218,2004,Vermilion Rockfish,Aggressor,04-01-05-002,189,11/10/2004,119 58.806,34.39415,119.9801,81.1,33,0.67,Female,V0006,X0778,,vermilion,V-C,62621,97.95,,,5
2220,2004,Vermilion Rockfish,Aggressor,04-01-05-002,189,11/10/2004,119 58.805,34.39415,119.980083,82.4,32,0.6,Male,V0005,X0777,,vermilion,V-C,60658,98.97,,,5
2224,2004,Vermilion Rockfish,Aggressor,04-01-05-002,189,11/10/2004,119 58.805,34.39415,119.980083,82.4,31,0.57,Male,V0004,X0776,,vermilion,V-C,63272,99.49,,,5
2230,2004,Vermilion Rockfish,Aggressor,04-01-05-002,189,11/10/2004,119 58.805,34.39415,119.980083,82.4,33,0.71,Female,V0013,X0785,,vermilion,V-C,63299,98.97,,,5
2231,2004,Vermilion Rockfish,Aggressor,04-01-05-002,189,11/10/2004,119 58.805,34.39415,119.980083,82.4,35,0.95,Female,V0007,X0779,,vermilion,V-C,69172,96.92,,,
2255,2004,Vermilion Rockfish,Aggressor,04-01-05-003,197,11/10/2004,120 12.895,34.429617,120.214917,71.2,36,0.74,Male,V0039,V0408,,vermilion,V-B,58822,98.97,,,5
2258,2004,Vermilion Rockfish,Aggressor,04-01-05-003,197,11/10/2004,120 12.895,34.429617,120.214917,71.2,44,1.54,Male,V0035,V0404,,vermilion,V-C,61215,98.97,,,
2260,2004,Vermilion Rockfish,Aggressor,04-01-05-003,197,11/10/2004,120 12.895,34.429617,120.214917,71.2,36,0.87,Male,V0022,V0391,,vermilion,V-B,74445,98.46,,,5
2261,2004,Vermilion Rockfish,Aggressor,04-01-05-003,197,11/10/2004,120 12.895,34.429617,120.214917,71.2,40,1.15,Male,V0021,V0390,,sunset,S,58398,98.46,,,5
2262,2004,Vermilion Rockfish,Aggressor,04-01-05-003,197,11/10/2004,120 12.895,34.429617,120.214917,71.2,38,0.93,Male,V0019,V0388,,sunset,S,55615,98.46,,,5
2263,2004,Vermilion Rockfish,Aggressor,04-01-05-003,197,11/10/2004,120 12.895,34.429617,120.214917,71.2,44,1.47,Male,V0027,V0396,,vermilion,V-C,61291,98.97,,,7
2265,2004,Vermilion Rockfish,Aggressor,04-01-05-003,197,11/10/2004,120 12.895,34.429617,120.214917,71.2,44,1.66,Female,V0029,V0398,,vermilion,V-C,61922,98.97,,,8
2266,2004,Vermilion Rockfish,Aggressor,04-01-05-003,197,11/10/2004,120 12.906,34.429567,120.2151,73.6,36,0.92,Female,V0033,V0402,,sunset,S,59249,98.46,,,
2268,2004,Vermilion Rockfish,Aggressor,04-01-05-003,197,11/10/2004,120 12.906,34.429567,120.2151,73.6,41,1.02,Female,V0037,V0406,,sunset,S,59987,98.97,,,
2269,2004,Vermilion Rockfish,Aggressor,04-01-05-003,197,11/10/2004,120 12.906,34.429567,120.2151,73.6,36,0.86,Male,V0034,V0403,,vermilion,V-C,71115,90.77,,,5
2273,2004,Vermilion Rockfish,Aggressor,04-01-05-003,197,11/10/2004,120 12.906,34.429567,120.2151,73.6,35,0.81,Female,V0028,V0397,,vermilion,V-C,64956,82.56,,,5
2274,2004,Vermilion Rockfish,Aggressor,04-01-05-003,197,11/10/2004,120 12.906,34.429567,120.2151,73.6,38,0.97,Female,V0030,V0399,,vermilion,V-B,72166,97.95,,,5
2276,2004,Vermilion Rockfish,Aggressor,04-01-05-003,197,11/10/2004,120 12.901,34.429667,120.215017,74.7,38,1.18,Male,V0018,V0387,,sunset,S,68846,92.31,,,
2278,2004,Vermilion Rockfish,Aggressor,04-01-05-003,197,11/10/2004,120 12.901,34.429667,120.215017,74.7,40,1.14,Male,V0036,V0405,,vermilion,V-C,68368,95.9,,,6
2280,2004,Vermilion Rockfish,Aggressor,04-01-05-003,197,11/10/2004,120 12.901,34.429667,120.215017,74.7,48,1.94,Female,V0023,V0392,,vermilion,V-B,62629,98.97,,,
2281,2004,Vermilion Rockfish,Aggressor,04-01-05-003,197,11/10/2004,120 12.901,34.429667,120.215017,74.7,38,0.99,Female,V0031,V0400,,sunset,S,68510,96.92,,,5
2283,2004,Vermilion Rockfish,Aggressor,04-01-05-003,197,11/10/2004,120 12.902,34.4297,120.215033,76.9,38,1.03,Female,V0038,V0407,,vermilion,V-C,58423,98.97,,,5
2285,2004,Vermilion Rockfish,Aggressor,04-01-05-003,197,11/10/2004,120 12.902,34.4297,120.215033,76.9,42,1.29,Female,V0032,V0401,,vermilion,V-C,60439,97.95,,,8
2289,2004,Vermilion Rockfish,Aggressor,04-01-05-003,197,11/10/2004,120 12.890,34.429933,120.214833,78.7,42,1.25,Female,V0017,V0386,,vermilion,V-B,60970,98.97,,,6
2290,2004,Vermilion Rockfish,Aggressor,04-01-05-003,197,11/10/2004,120 12.890,34.429933,120.214833,78.7,34,0.69,Female,V0016,V0385,,sunset,S,56703,98.97,,,5
2297,2004,Vermilion Rockfish,Aggressor,04-01-05-003,197,11/10/2004,120 12.890,34.429933,120.214833,78.7,34,0.66,Female,V0020,V0389,,vermilion,V-B,60103,98.97,,,5
2298,2004,Vermilion Rockfish,Aggressor,04-01-05-003,197,11/10/2004,120 12.890,34.429933,120.214833,78.7,40,1.16,Female,V0024,V0393,,sunset,S,52816,98.97,,,5
2299,2004,Vermilion Rockfish,Aggressor,04-01-05-003,197,11/10/2004,120 12.890,34.429933,120.214833,78.7,36,0.92,Male,V0025,V0394,,sunset,S,60700,95.38,,,5
2309,2004,Vermilion Rockfish,Aggressor,04-01-05-004,151,11/10/2004,120 37.473,34.46625,120.62455,111.6,47,1.73,Male,V0052,V0421,,vermilion,V-C,66541,98.46,,,16
2310,2004,Vermilion Rockfish,Aggressor,04-01-05-004,151,11/10/2004,120 37.473,34.46625,120.62455,111.6,42,1.27,Male,V0053,V0422,,vermilion,V-C,64064,98.46,,,7
2311,2004,Vermilion Rockfish,Aggressor,04-01-05-004,151,11/10/2004,120 37.473,34.46625,120.62455,111.6,42,1.24,Male,V0041,V0410,,vermilion,V-C,44954,98.97,,,8
2313,2004,Vermilion Rockfish,Aggressor,04-01-05-004,151,11/10/2004,120 37.473,34.46625,120.62455,111.6,46,1.71,Male,V0043,V0412,,vermilion,V-C,63757,97.44,,,8
2314,2004,Vermilion Rockfish,Aggressor,04-01-05-004,151,11/10/2004,120 37.473,34.46625,120.62455,111.6,38,0.99,Female,V0042,V0411,,sunset,S,62180,96.41,,,
2315,2004,Vermilion Rockfish,Aggressor,04-01-05-004,151,11/10/2004,120 37.473,34.46625,120.62455,111.6,42,1.42,Male,V0044,V0413,,vermilion,V-C,61619,98.97,,,8
2316,2004,Vermilion Rockfish,Aggressor,04-01-05-004,151,11/10/2004,120 37.473,34.46625,120.62455,111.6,46,1.74,Female,V0049,V0418,,sunset,S,44897,98.46,,,9
2318,2004,Vermilion Rockfish,Aggressor,04-01-05-004,151,11/10/2004,120 37.473,34.46625,120.62455,111.6,46,1.98,Female,V0046,V0415,,vermilion,V-C,60036,98.46,,,11
2320,2004,Vermilion Rockfish,Aggressor,04-01-05-004,151,11/10/2004,120 37.442,34.466267,120.624033,111.6,47,1.95,Male,V0054,V0423,,vermilion,V-C,66725,97.95,,,12
2321,2004,Vermilion Rockfish,Aggressor,04-01-05-004,151,11/10/2004,120 37.442,34.466267,120.624033,111.6,40,1.19,Male,V0040,V0409,,vermilion,V-C,60044,98.97,,,7
2322,2004,Vermilion Rockfish,Aggressor,04-01-05-004,151,11/10/2004,120 37.442,34.466267,120.624033,111.6,40,1.19,Female,V0045,V0414,,vermilion,V-C,58925,98.97,,,5
2323,2004,Vermilion Rockfish,Aggressor,04-01-05-004,151,11/10/2004,120 37.442,34.466267,120.624033,111.6,35,0.81,Female,V0055,V0424,,vermilion,V-C,52095,98.97,,,5
2324,2004,Vermilion Rockfish,Aggressor,04-01-05-004,151,11/10/2004,120 37.442,34.466267,120.624033,111.6,42,1.29,Male,V0048,V0417,,vermilion,V-C,58962,98.97,,,9
2326,2004,Vermilion Rockfish,Aggressor,04-01-05-004,151,11/10/2004,120 37.442,34.466267,120.624033,111.6,40,1.25,Female,V0047,V0416,,vermilion,V-C,68929,93.85,,,7
2327,2004,Vermilion Rockfish,Aggressor,04-01-05-004,151,11/10/2004,120 37.474,34.466167,120.624567,112.5,46,1.89,Male,V0051,V0420,,vermilion,V-C,62008,98.97,,,16
2329,2004,Vermilion Rockfish,Aggressor,04-01-05-004,151,11/10/2004,120 37.474,34.466167,120.624567,112.5,42,1.24,Male,V0050,V0419,,vermilion,V-C,62966,97.95,,,5
2333,2004,Vermilion Rockfish,Aggressor,04-01-05-006,149,11/11/2004,120 37.701,34.468683,120.62835,113.5,46,1.57,Male,V0056,V0425,,vermilion,V-C,59953,98.46,,,8
2341,2004,Vermilion Rockfish,Aggressor,04-01-05-006,149,11/11/2004,120 37.673,34.468283,120.627883,113.8,36,0.74,Female,V0061,V0430,,sunset,S,59449,97.44,,,5
2342,2004,Vermilion Rockfish,Aggressor,04-01-05-006,149,11/11/2004,120 37.673,34.468283,120.627883,113.8,36,0.79,Female,V0062,V0431,,sunset,S,61790,99.49,,,5
2343,2004,Vermilion Rockfish,Aggressor,04-01-05-006,149,11/11/2004,120 37.673,34.468283,120.627883,113.8,36,0.76,Male,V0060,V0429,,sunset,S,53942,99.49,,,
2344,2004,Vermilion Rockfish,Aggressor,04-01-05-006,149,11/11/2004,120 37.673,34.468283,120.627883,113.8,40,1.11,Male,V0057,V0426,,sunset,S,56097,98.46,,,5
2345,2004,Vermilion Rockfish,Aggressor,04-01-05-006,149,11/11/2004,120 37.673,34.468283,120.627883,113.8,48,1.81,Male,V0074,V0443,,vermilion,V-C,63652,91.79,,,20
2346,2004,Vermilion Rockfish,Aggressor,04-01-05-006,149,11/11/2004,120 37.673,34.468283,120.627883,113.8,34,0.67,Male,V0073,V0442,,sunset,S,64452,93.33,,,5
2347,2004,Vermilion Rockfish,Aggressor,04-01-05-006,149,11/11/2004,120 37.673,34.468283,120.627883,113.8,36,0.8,Female,V0072,V0441,,vermilion,,47415,97.95,,"sample was flagged as a potential hybrid, but further analyses suggested pure vermilion",5
2349,2004,Vermilion Rockfish,Aggressor,04-01-05-006,149,11/11/2004,120 37.673,34.468283,120.627883,113.8,38,0.93,Male,V0075,V0444,,sunset,S,63102,98.97,,,5
2353,2004,Vermilion Rockfish,Aggressor,04-01-05-006,149,11/11/2004,120 37.703,34.468333,120.628383,113.5,51,1.96,Male,V0071,V0440,,sunset,S,61144,98.46,,,
2355,2004,Vermilion Rockfish,Aggressor,04-01-05-006,149,11/11/2004,120 37.703,34.468333,120.628383,113.5,52,2.38,Male,V0070,V0439,,sunset,S,62332,98.46,,,
2356,2004,Vermilion Rockfish,Aggressor,04-01-05-006,149,11/11/2004,120 37.703,34.468333,120.628383,113.5,46,1.53,Male,V0064,V0433,,sunset,S,57345,98.97,,,7
2367,2004,Vermilion Rockfish,Aggressor,04-01-05-006,149,11/11/2004,120 37.675,34.46825,120.627917,113.5,48,1.93,Male,V0076,V0445,,vermilion,V-C,62627,98.46,,,15
2368,2004,Vermilion Rockfish,Aggressor,04-01-05-006,149,11/11/2004,120 37.675,34.46825,120.627917,113.5,41,1.16,Male,V0077,V0446,,sunset,S,63156,98.46,,,5
2373,2004,Vermilion Rockfish,Aggressor,04-01-05-006,149,11/11/2004,120 37.675,34.46825,120.627917,113.5,41,1.32,Female,V0059,V0428,,sunset,S,56087,97.95,,,5
2374,2004,Vermilion Rockfish,Aggressor,04-01-05-006,149,11/11/2004,120 37.675,34.46825,120.627917,113.5,40,1.23,Female,V0063,V0432,,sunset,S,57494,99.49,,,5
2376,2004,Vermilion Rockfish,Aggressor,04-01-05-006,149,11/11/2004,120 37.675,34.46825,120.627917,113.5,38,0.94,Male,V0068,V0437,,sunset,S,60725,99.49,,,5
2377,2004,Vermilion Rockfish,Aggressor,04-01-05-006,149,11/11/2004,120 37.675,34.46825,120.627917,113.5,39,1.07,Male,V0067,V0436,,sunset,S,57705,98.46,,,5
2378,2004,Vermilion Rockfish,Aggressor,04-01-05-006,149,11/11/2004,120 37.675,34.46825,120.627917,113.5,42,1.45,Female,V0069,V0438,,sunset,S,67381,92.82,,,5
2390,2004,Vermilion Rockfish,Aggressor,04-01-05-007,147,11/11/2004,120 41.801,34.498217,120.696683,116.6,48,1.85,Male,V0081,V0450,,vermilion,V-C,70919,81.03,,,15
2391,2004,Vermilion Rockfish,Aggressor,04-01-05-007,147,11/11/2004,120 41.801,34.498217,120.696683,116.6,43,1.32,Female,V0083,V0452,,sunset,S,54544,99.49,,,6
2393,2004,Vermilion Rockfish,Aggressor,04-01-05-007,147,11/11/2004,120 41.801,34.498217,120.696683,116.6,50,2.04,Male,V0085,V0454,,sunset,S,59044,98.97,,,16
2397,2004,Vermilion Rockfish,Aggressor,04-01-05-007,147,11/11/2004,120 41.801,34.498217,120.696683,116.6,45,1.76,Male,V0086,V0455,,vermilion,V-C,58538,96.41,,,11
2405,2004,Vermilion Rockfish,Aggressor,04-01-05-007,147,11/11/2004,120 41.807,34.4979,120.696783,116.6,51,2.05,Male,V0078,V0447,,sunset,S,56532,98.46,,,
2427,2004,Vermilion Rockfish,Aggressor,04-01-05-007,147,11/11/2004,120 41.801,34.497967,120.696683,116.6,50,2.18,Male,V0084,V0453,,sunset,S,55439,98.46,,,
2429,2004,Vermilion Rockfish,Aggressor,04-01-05-007,147,11/11/2004,120 41.801,34.497967,120.696683,116.6,56,3.29,Female,V0080,V0449,,sunset,S,47977,99.49,,,
2438,2004,Vermilion Rockfish,Aggressor,04-01-05-007,147,11/11/2004,120 41.818,34.497883,120.696967,116.6,50,1.93,Male,V0079,V0448,,sunset,S,59178,98.97,,,12
2468,2004,Vermilion Rockfish,Aggressor,04-01-05-008,140,11/11/2004,120 41.478,34.50515,120.6913,97,53,2.32,Male,V0096,V0465,,sunset,S,58210,98.97,,,
2492,2004,Vermilion Rockfish,Aggressor,04-01-05-008,140,11/11/2004,120 41.483,34.50505,120.691383,98.8,48,2.1,Female,V0098,V0467,,vermilion,V-C,64617,95.9,,,10
2511,2004,Vermilion Rockfish,Aggressor,04-01-05-008,140,11/11/2004,120 41.501,34.505383,120.691683,101.2,44,1.59,Male,V0094,V0463,,vermilion,V-C,64660,98.46,,,10
2516,2004,Vermilion Rockfish,Aggressor,04-01-05-008,140,11/11/2004,120 41.501,34.505383,120.691683,101.2,47,1.83,Male,V0102,V0471,,vermilion,V-C,62460,95.9,,,10
2518,2004,Vermilion Rockfish,Aggressor,04-01-05-008,140,11/11/2004,120 41.501,34.505383,120.691683,101.2,44,1.35,Male,V0095,V0464,,vermilion,V-C,62702,98.97,,,8
2525,2004,Vermilion Rockfish,Aggressor,04-01-05-008,140,11/11/2004,120 41.492,34.5048,120.691533,100.7,46,1.51,Male,V0091,V0460,,vermilion,V-C,63526,96.92,,,
2526,2004,Vermilion Rockfish,Aggressor,04-01-05-008,140,11/11/2004,120 41.492,34.5048,120.691533,100.7,46,1.6,Male,V0088,V0457,,vermilion,V-C,49812,98.97,,,8
2527,2004,Vermilion Rockfish,Aggressor,04-01-05-008,140,11/11/2004,120 41.492,34.5048,120.691533,100.7,46,1.63,Female,V0093,V0462,,vermilion,V-C,60057,97.95,,,10
2529,2004,Vermilion Rockfish,Aggressor,04-01-05-008,140,11/11/2004,120 41.492,34.5048,120.691533,100.7,46,1.58,Female,V0100,V0469,,vermilion,V-C,66599,98.97,,,8
2530,2004,Vermilion Rockfish,Aggressor,04-01-05-008,140,11/11/2004,120 41.492,34.5048,120.691533,100.7,44,1.47,Male,V0103,V0472,,vermilion,V-C,63134,97.95,,,10
2531,2004,Vermilion Rockfish,Aggressor,04-01-05-008,140,11/11/2004,120 41.492,34.5048,120.691533,100.7,40,1.25,Female,V0101,V0470,,vermilion,V-C,66863,96.41,,,8
2532,2004,Vermilion Rockfish,Aggressor,04-01-05-008,140,11/11/2004,120 41.492,34.5048,120.691533,100.7,46,1.82,Female,V0099,V0468,,vermilion,V-C,64937,98.46,,,10
2533,2004,Vermilion Rockfish,Aggressor,04-01-05-008,140,11/11/2004,120 41.492,34.5048,120.691533,100.7,52,2.13,Male,V0090,V0459,,vermilion,V-C,18136,76.92,,,15
2535,2004,Vermilion Rockfish,Aggressor,04-01-05-008,140,11/11/2004,120 41.492,34.5048,120.691533,100.7,48,1.79,Male,V0092,V0461,,vermilion,V-C,61610,95.9,,,
2562,2004,Vermilion Rockfish,Aggressor,04-01-05-009,139,11/11/2004,120 43.164,34.52895,120.7194,98.8,44,1.44,Male,V0104,V0473,,vermilion,V-C,67080,98.97,,,8
2564,2004,Vermilion Rockfish,Aggressor,04-01-05-009,139,11/11/2004,120 43.164,34.52895,120.7194,98.8,46,1.67,Male,V0114,V0483,,vermilion,V-C,59562,97.44,,,10
2571,2004,Vermilion Rockfish,Aggressor,04-01-05-009,139,11/11/2004,120 43.148,34.529033,120.719133,102.5,46,1.67,Female,V0107,V0476,,vermilion,V-C,62387,97.95,,,10
2575,2004,Vermilion Rockfish,Aggressor,04-01-05-009,139,11/11/2004,120 43.148,34.529033,120.719133,102.5,44,1.47,Female,V0109,V0478,,vermilion,V-C,68037,96.92,,,10
2577,2004,Vermilion Rockfish,Aggressor,04-01-05-009,139,11/11/2004,120 43.148,34.529033,120.719133,102.5,45,1.61,Male,V0115,V0484,,vermilion,V-C,57789,98.97,,,11
2578,2004,Vermilion Rockfish,Aggressor,04-01-05-009,139,11/11/2004,120 43.148,34.529033,120.719133,102.5,48,1.87,Male,V0106,V0475,,vermilion,V-C,59259,98.97,,,12
2582,2004,Vermilion Rockfish,Aggressor,04-01-05-009,139,11/11/2004,120 43.183,34.5288,120.719717,96.1,47,1.75,Male,V0112,V0481,,sunset,S,55815,99.49,,,10
2586,2004,Vermilion Rockfish,Aggressor,04-01-05-009,139,11/11/2004,120 43.183,34.5288,120.719717,96.1,43,1.38,Male,V0111,V0480,,vermilion,V-C,60786,98.97,,,10
2597,2004,Vermilion Rockfish,Aggressor,04-01-05-009,139,11/11/2004,120 43.196,34.528917,120.719933,108.9,46,1.61,Male,V0110,V0479,fc orig listed as v480; not changed til 2008,sunset,S,57949,98.46,,,10
2600,2004,Vermilion Rockfish,Aggressor,04-01-05-009,139,11/11/2004,120 43.196,34.528917,120.719933,108.9,43,1.38,Male,V0108,V0477,,vermilion,V-C,57872,97.95,,,8
2619,2004,Vermilion Rockfish,Aggressor,04-01-05-009,139,11/11/2004,120 43.187,34.528467,120.719783,100.7,52,2.36,Male,V0113,V0482,,sunset,S,61992,90.77,,,
2637,2004,Vermilion Rockfish,Aggressor,04-01-05-010,145,11/11/2004,120 43.057,34.497817,120.717617,156.6,54,3.02,Female,V0122,V0491,,sunset,S,43196,99.49,,,
2642,2004,Vermilion Rockfish,Aggressor,04-01-05-010,145,11/11/2004,120 43.057,34.497817,120.717617,156.6,49,1.9,Male,V0116,V0485,,sunset,S,58631,98.46,,,10
2646,2004,Vermilion Rockfish,Aggressor,04-01-05-010,145,11/11/2004,120 43.057,34.497817,120.717617,156.6,62,4.78,Female,V0117,V0486,oties to large to fit in standard vial,sunset,S,60095,98.97,,,
2649,2004,Vermilion Rockfish,Aggressor,04-01-05-010,145,11/11/2004,120 43.059,34.497683,120.71765,159.2,46,1.59,Female,V0142,V0511,,sunset,S,59968,98.97,,,10
2657,2004,Vermilion Rockfish,Aggressor,04-01-05-010,145,11/11/2004,120 43.059,34.497683,120.71765,159.2,58,3.7,Female,V0120,V0489,,sunset,S,65158,80.51,,,
2658,2004,Vermilion Rockfish,Aggressor,04-01-05-010,145,11/11/2004,120 43.059,34.497683,120.71765,159.2,48,1.78,Male,V0119,V0488,,sunset,S,53300,99.49,,,10
2660,2004,Vermilion Rockfish,Aggressor,04-01-05-010,145,11/11/2004,120 43.059,34.497683,120.71765,159.2,52,2.86,Female,V0118,V0487,,sunset,S,55896,98.46,,,10
2668,2004,Vermilion Rockfish,Aggressor,04-01-05-010,145,11/11/2004,120 43.054,34.497833,120.717567,159.2,56,3.86,Female,V0143,V0512,,sunset,S,55632,98.46,,,
2672,2004,Vermilion Rockfish,Aggressor,04-01-05-010,145,11/11/2004,120 43.054,34.497833,120.717567,159.2,55,3.06,Female,V0144,V0513,,sunset,S,64865,81.03,,,16
2673,2004,Vermilion Rockfish,Aggressor,04-01-05-010,145,11/11/2004,120 43.054,34.497833,120.717567,159.2,48,1.75,Male,V0145,V0514,,sunset,S,61051,96.92,,,8
2674,2004,Vermilion Rockfish,Aggressor,04-01-05-010,145,11/11/2004,120 43.054,34.497833,120.717567,159.2,45,1.55,Male,V0146,V0515,,sunset,S,49918,99.49,,,8
2679,2004,Vermilion Rockfish,Aggressor,04-01-05-010,145,11/11/2004,120 43.057,34.497983,120.717617,159.2,44,1.42,Male,V0141,V0510,,sunset,S,60040,97.44,,,10
2680,2004,Vermilion Rockfish,Aggressor,04-01-05-010,145,11/11/2004,120 43.057,34.497983,120.717617,159.2,47,1.74,Male,V0138,V0507,,sunset,S,53645,98.46,,,12
2681,2004,Vermilion Rockfish,Aggressor,04-01-05-010,145,11/11/2004,120 43.057,34.497983,120.717617,159.2,53,2.94,Female,V0131,V0500,,sunset,S,57968,98.97,,,
2685,2004,Vermilion Rockfish,Aggressor,04-01-05-010,145,11/11/2004,120 43.057,34.497983,120.717617,159.2,44,1.49,Male,V0134,V0503,,sunset,S,60958,98.97,,,6
2687,2004,Vermilion Rockfish,Aggressor,04-01-05-010,145,11/11/2004,120 43.057,34.497983,120.717617,159.2,58,4.3,Female,V0129,V0498,,sunset,S,52444,98.46,,,
2688,2004,Vermilion Rockfish,Aggressor,04-01-05-010,145,11/11/2004,120 43.057,34.497983,120.717617,159.2,48,1.73,Male,V0132,V0501,,sunset,S,58797,98.97,,,10
2689,2004,Vermilion Rockfish,Aggressor,04-01-05-010,145,11/11/2004,120 43.066,34.49765,120.717767,160.1,49,1.95,Male,V0127,V0496,,sunset,S,57256,96.92,,,13
2690,2004,Vermilion Rockfish,Aggressor,04-01-05-010,145,11/11/2004,120 43.066,34.49765,120.717767,160.1,52,2.38,Male,V0140,V0509,,sunset,S,62667,98.46,,,16
2692,2004,Vermilion Rockfish,Aggressor,04-01-05-010,145,11/11/2004,120 43.066,34.49765,120.717767,160.1,44,1.48,Male,V0135,V0504,,sunset,S,65665,94.36,,,5
2693,2004,Vermilion Rockfish,Aggressor,04-01-05-010,145,11/11/2004,120 43.066,34.49765,120.717767,160.1,50,1.93,Male,V0126,V0495,,sunset,S,56385,98.46,,,10
2694,2004,Vermilion Rockfish,Aggressor,04-01-05-010,145,11/11/2004,120 43.066,34.49765,120.717767,160.1,50,2.27,Male,V0130,V0499,,sunset,S,56519,99.49,,,18
2695,2004,Vermilion Rockfish,Aggressor,04-01-05-010,145,11/11/2004,120 43.066,34.49765,120.717767,160.1,48,2.04,Male,V0139,V0508,,sunset,S,58626,99.49,,,9
2696,2004,Vermilion Rockfish,Aggressor,04-01-05-010,145,11/11/2004,120 43.066,34.49765,120.717767,160.1,46,1.67,Male,V0137,V0506,,sunset,S,52358,93.33,,,8
2698,2004,Vermilion Rockfish,Aggressor,04-01-05-010,145,11/11/2004,120 43.066,34.49765,120.717767,160.1,55,3.32,Female,V0336,A1051,apparently ID'd as unknown in field; pics were taken and ID changed to verm; then genetics concluded ID as sunset.,sunset,S,59467,97.44,,,27
2699,2004,Vermilion Rockfish,Aggressor,04-01-05-010,145,11/11/2004,120 43.066,34.49765,120.717767,160.1,52,2.11,Male,V0124,V0493,,sunset,S,61028,98.97,,,
2700,2004,Vermilion Rockfish,Aggressor,04-01-05-010,145,11/11/2004,120 43.066,34.49765,120.717767,160.1,46,1.64,Male,V0133,V0502,,sunset,S,59189,98.97,,,14
2701,2004,Vermilion Rockfish,Aggressor,04-01-05-010,145,11/11/2004,120 43.066,34.49765,120.717767,160.1,48,2.06,Male,V0125,V0494,,sunset,S,58689,98.97,,,16
2702,2004,Vermilion Rockfish,Aggressor,04-01-05-010,145,11/11/2004,120 43.066,34.49765,120.717767,160.1,48,2.03,Female,V0123,V0492,,sunset,S,62492,98.97,,,10
2720,2004,Vermilion Rockfish,Aggressor,04-01-05-012,180,11/12/2004,120 33.923,34.141467,120.565383,69,40,1.4,Female,V0147,V0516,,vermilion,V-B,61956,98.97,,,8
2728,2004,Vermilion Rockfish,Aggressor,04-01-05-014,186,11/12/2004,120 29.881,34.03285,120.498017,95.2,52,2.4,Female,V0187,V0557,,sunset,S,63060,92.31,,,16
2729,2004,Vermilion Rockfish,Aggressor,04-01-05-014,186,11/12/2004,120 29.881,34.03285,120.498017,95.2,50,2,Male,V0185,V0555,,vermilion,V-C,57346,86.67,,,
2730,2004,Vermilion Rockfish,Aggressor,04-01-05-014,186,11/12/2004,120 29.881,34.03285,120.498017,95.2,48,1.9,Male,V0186,V0556,,vermilion,V-C,72040,93.33,,,13
2733,2004,Vermilion Rockfish,Aggressor,04-01-05-014,186,11/12/2004,120 29.881,34.03285,120.498017,95.2,46,1.7,Male,V0179,V0549,,vermilion,V-C,67111,95.9,,,20
2736,2004,Vermilion Rockfish,Aggressor,04-01-05-014,186,11/12/2004,120 29.881,34.03285,120.498017,95.2,46,1.6,Male,V0178,V0548,,vermilion,V-C,65452,97.95,,,12
2737,2004,Vermilion Rockfish,Aggressor,04-01-05-014,186,11/12/2004,120 29.881,34.03285,120.498017,95.2,46,1.8,Male,V0184,V0554,,sunset,S,60141,98.46,,,10
2738,2004,Vermilion Rockfish,Aggressor,04-01-05-014,186,11/12/2004,120 29.881,34.03285,120.498017,95.2,44,1.5,Male,V0181,V0551,,vermilion,V-C,49911,98.97,,,10
2739,2004,Vermilion Rockfish,Aggressor,04-01-05-014,186,11/12/2004,120 29.881,34.03285,120.498017,95.2,45,1.8,Female,V0182,V0552,,sunset,S,55247,90.77,,,8
2745,2004,Vermilion Rockfish,Aggressor,04-01-05-014,186,11/12/2004,120 29.888,34.032783,120.498133,95.2,45,1.8,Male,V0192,V0562,,vermilion,V-C,47996,93.33,,,18
2749,2004,Vermilion Rockfish,Aggressor,04-01-05-014,186,11/12/2004,120 29.888,34.032783,120.498133,95.2,49,2.6,Female,V0189,V0559,,vermilion,V-C,42918,95.38,,,22
2750,2004,Vermilion Rockfish,Aggressor,04-01-05-014,186,11/12/2004,120 29.888,34.032783,120.498133,95.2,48,1.8,Male,V0193,V0563,,vermilion,V-C,44411,98.46,,,16
2751,2004,Vermilion Rockfish,Aggressor,04-01-05-014,186,11/12/2004,120 29.888,34.032783,120.498133,95.2,48,2,Male,V0188,V0558,,vermilion,V-C,62738,96.41,,,
2755,2004,Vermilion Rockfish,Aggressor,04-01-05-014,186,11/12/2004,120 29.894,34.032967,120.498233,95.2,44,1.6,Female,V0194,V0564,,sunset,S,49541,92.82,,,8
2773,2004,Vermilion Rockfish,Aggressor,04-01-05-014,186,11/12/2004,120 29.878,34.032833,120.497967,94.2,40,1.1,Female,V0197,V0567,,sunset,S,21014,98.97,,,6
2780,2004,Vermilion Rockfish,Aggressor,04-01-05-017,233,11/13/2004,119 41.518,33.936683,119.691967,89.7,37,0.94,Female,V0199,V0569,,vermilion,V-C,32211,89.74,,,5
2792,2004,Vermilion Rockfish,Aggressor,04-01-05-017,233,11/13/2004,119 41.532,33.935767,119.6922,91.1,40,1.14,Female,V0202,V0572,,sunset,S,51017,96.92,,,6
2794,2004,Vermilion Rockfish,Aggressor,04-01-05-017,233,11/13/2004,119 41.532,33.935767,119.6922,91.1,34,0.68,Female,V0203,V0573,,vermilion,V-C,54717,98.97,,,5
2795,2004,Vermilion Rockfish,Aggressor,04-01-05-017,233,11/13/2004,119 41.532,33.935767,119.6922,91.1,36,0.81,Female,V0201,V0571,,vermilion,V-C,54147,93.85,,,
2797,2004,Vermilion Rockfish,Aggressor,04-01-05-017,233,11/13/2004,119 41.532,33.935767,119.6922,91.1,36,0.83,Female,V0200,V0570,,vermilion,V-C,64675,85.64,,,9
2803,2004,Vermilion Rockfish,Aggressor,04-01-05-018,231,11/13/2004,119 39.552,33.940383,119.6592,157.4,46,1.82,Male,V0207,V0865,,sunset,S,57092,76.92,,,6
2805,2004,Vermilion Rockfish,Aggressor,04-01-05-018,231,11/13/2004,119 39.552,33.940383,119.6592,157.4,40,1.34,Male,V0206,V0576,,sunset,S,52077,98.46,,,5
2807,2004,Vermilion Rockfish,Aggressor,04-01-05-018,231,11/13/2004,119 39.552,33.940383,119.6592,157.4,42,1.33,Male,V0205,V0575,,sunset,S,51252,99.49,,,5
2808,2004,Vermilion Rockfish,Aggressor,04-01-05-018,231,11/13/2004,119 39.552,33.940383,119.6592,157.4,43,1.51,Female,V0204,V0574,,sunset,S,49472,99.49,,,6
2816,2004,Vermilion Rockfish,Aggressor,04-01-05-018,231,11/13/2004,119 39.518,33.940567,119.658633,159.2,49,2.06,Female,V0210,V0868,,sunset,S,49568,97.95,,,
2818,2004,Vermilion Rockfish,Aggressor,04-01-05-018,231,11/13/2004,119 39.518,33.940567,119.658633,159.2,43,1.54,Male,V0209,V0867,,sunset,S,54039,97.95,,,5
2821,2004,Vermilion Rockfish,Aggressor,04-01-05-018,231,11/13/2004,119 39.518,33.940567,119.658633,159.2,52,2.53,Female,V0212,V0870,,sunset,S,50585,98.46,,,
2823,2004,Vermilion Rockfish,Aggressor,04-01-05-018,231,11/13/2004,119 39.518,33.940567,119.658633,159.2,41,1.31,Female,V0211,V0869,,sunset,S,42116,98.97,,,5
2828,2004,Vermilion Rockfish,Aggressor,04-01-05-018,231,11/13/2004,119 39.520,33.940467,119.658667,161,42,1.63,Female,V0216,V0874,,sunset,S,29971,83.08,,,6
2830,2004,Vermilion Rockfish,Aggressor,04-01-05-018,231,11/13/2004,119 39.520,33.940467,119.658667,161,47,2.1,Female,V0213,V0871,,sunset,S,44511,98.97,,,8
2835,2004,Vermilion Rockfish,Aggressor,04-01-05-018,231,11/13/2004,119 39.520,33.940467,119.658667,161,44,1.48,Female,V0214,V0872,,sunset,S,45243,99.49,,,5
2842,2004,Vermilion Rockfish,Aggressor,04-01-05-018,231,11/13/2004,119 39.519,33.9405,119.65865,159.2,45,1.6,Male,V0220,V0878,,sunset,S,49054,98.97,,,8
2844,2004,Vermilion Rockfish,Aggressor,04-01-05-018,231,11/13/2004,119 39.519,33.9405,119.65865,159.2,46,1.95,Female,V0221,V0879,,sunset,S,53997,98.46,,,6
2845,2004,Vermilion Rockfish,Aggressor,04-01-05-018,231,11/13/2004,119 39.519,33.9405,119.65865,159.2,44,1.5,Male,V0217,V0875,,sunset,S,54415,98.46,,,7
2846,2004,Vermilion Rockfish,Aggressor,04-01-05-018,231,11/13/2004,119 39.519,33.9405,119.65865,159.2,40,1.2,Female,V0219,V0877,,sunset,S,49056,98.46,,,5
2848,2004,Vermilion Rockfish,Aggressor,04-01-05-018,231,11/13/2004,119 39.519,33.9405,119.65865,159.2,41,1.2,Male,V0218,V0876,,sunset,S,47454,98.46,,,5
2855,2004,Vermilion Rockfish,Aggressor,04-01-05-018,231,11/13/2004,119 39.529,33.940383,119.658817,159.2,46,1.74,Male,V0223,V0881,,sunset,S,31083,90.77,,,6
2856,2004,Vermilion Rockfish,Aggressor,04-01-05-019,228,11/13/2004,119 29.570,33.98195,119.492833,80.5,36,0.79,Male,V0224,V0882,,vermilion,V-C,57649,81.03,,,5
2864,2004,Vermilion Rockfish,Aggressor,04-01-05-020,217,11/13/2004,119 31.200,34.186383,119.52,101.6,34,0.62,Male,V0225,V0883,,vermilion,V-C,48155,98.97,,,
2868,2004,Vermilion Rockfish,Aggressor,04-01-05-020,217,11/13/2004,119 31.141,34.18705,119.519017,99.7,36,0.79,Male,V0226,V0884,,vermilion,V-C,58849,97.44,,,5
2870,2004,Vermilion Rockfish,Aggressor,04-01-05-020,217,11/13/2004,119 31.140,34.1874,119.519,100.7,32,0.58,Male,V0227,V0885,,vermilion,V-C,55600,97.95,,,5
2877,2004,Vermilion Rockfish,Aggressor,04-01-05-021,45,11/14/2004,119 19.015,34.024967,119.316917,98.8,36,0.82,Male,V0228,V0886,,vermilion,V-C,46024,95.38,,,5
2881,2004,Vermilion Rockfish,Aggressor,04-01-05-021,45,11/14/2004,119 19.018,34.025283,119.316967,96.6,36,0.84,Female,V0229,V0887,,vermilion,V-C,52601,96.41,,,6
2942,2004,Vermilion Rockfish,Aggressor,04-01-05-024,167,11/14/2004,119 03.252,33.994667,119.0542,113.5,40,1.1,Female,V0230,V0888,,sunset,S,44487,98.46,,,5
2943,2004,Vermilion Rockfish,Aggressor,04-01-05-024,167,11/14/2004,119 03.252,33.994667,119.0542,113.5,35,0.68,Male,V0231,V0889,,sunset,S,54139,84.1,,,5
2945,2004,Vermilion Rockfish,Aggressor,04-01-05-024,167,11/14/2004,119 03.252,33.994683,119.0542,113.5,38,0.84,Female,V0232,V0890,,sunset,S,48143,97.44,,,5
2952,2004,Vermilion Rockfish,Aggressor,04-01-05-024,167,11/14/2004,119 03.259,33.99435,119.054317,114.4,38,0.9,Female,V0233,V0891,,sunset,S,48593,97.95,,,5
2964,2004,Vermilion Rockfish,Aggressor,04-01-05-024,167,11/14/2004,119 03.247,33.994383,119.054117,115.3,40,1.38,Female,V0235,V0893,,sunset,S,47032,99.49,,,5
2967,2004,Vermilion Rockfish,Aggressor,04-01-05-026,252,11/17/2004,118 33.002,33.919733,118.550033,76.9,30,0.52,Female,V0236,V0894,,sunset,S,48007,97.95,,,4
2968,2004,Vermilion Rockfish,Aggressor,04-01-05-026,252,11/17/2004,118 33.002,33.919733,118.550033,76.9,28,0.4,Male,V0240,V0898,,sunset,S,48974,86.67,,,4
2969,2004,Vermilion Rockfish,Aggressor,04-01-05-026,252,11/17/2004,118 33.002,33.919733,118.550033,76.9,32,0.52,Female,V0238,V0896,,sunset,S,56376,97.44,,,4
2970,2004,Vermilion Rockfish,Aggressor,04-01-05-026,252,11/17/2004,118 33.002,33.919733,118.550033,76.9,30,0.44,Male,V0239,V0897,,sunset,S,51561,75.9,,,4
2972,2004,Vermilion Rockfish,Aggressor,04-01-05-026,252,11/17/2004,118 33.002,33.919733,118.550033,76.9,32,0.54,Male,V0241,V0899,,sunset,S,51019,93.33,,,
2973,2004,Vermilion Rockfish,Aggressor,04-01-05-026,252,11/17/2004,118 33.002,33.919733,118.550033,76.9,26,0.34,Male,V0237,V0895,,sunset,S,49703,98.97,,,
2978,2004,Vermilion Rockfish,Aggressor,04-01-05-027,52,11/17/2004,118 38.631,33.48115,118.64385,175.7,45,1.56,Male,V0243,V0901,,sunset,S,48463,98.97,,,6
2980,2004,Vermilion Rockfish,Aggressor,04-01-05-027,52,11/17/2004,118 38.631,33.48115,118.64385,175.7,41,1.18,Male,V0245,V0903,,sunset,S,57335,85.64,,,6
2981,2004,Vermilion Rockfish,Aggressor,04-01-05-027,52,11/17/2004,118 38.631,33.48115,118.64385,175.7,39,1.02,Male,V0242,V0900,,sunset,S,47452,95.9,,,6
2984,2004,Vermilion Rockfish,Aggressor,04-01-05-027,52,11/17/2004,118 38.631,33.48115,118.64385,175.7,40,1.2,Male,V0244,V0902,,sunset,S,49927,98.46,,,6
2990,2004,Vermilion Rockfish,Aggressor,04-01-05-027,52,11/17/2004,118 38.638,33.481033,118.643967,194,45,1.66,Male,V0246,V0904,,sunset,S,50697,85.64,,,7
2993,2004,Vermilion Rockfish,Aggressor,04-01-05-027,52,11/17/2004,118 38.665,33.481217,118.644417,183,38,0.98,Male,V0249,V0907,,sunset,S,37909,98.97,,,5
2997,2004,Vermilion Rockfish,Aggressor,04-01-05-027,52,11/17/2004,118 38.665,33.481217,118.644417,183,38,0.98,Male,V0248,V0906,,sunset,S,45120,96.41,,,8
3003,2004,Vermilion Rockfish,Aggressor,04-01-05-027,52,11/17/2004,118 38.637,33.481433,118.64395,176.2,44,1.64,Male,V0250,V0908,,sunset,S,48497,98.97,,,7
3004,2004,Vermilion Rockfish,Aggressor,04-01-05-028,79,11/17/2004,118 19.173,33.280067,118.31955,151.9,39,1,Male,V0256,V0914,,sunset,S,50648,97.95,,,5
3005,2004,Vermilion Rockfish,Aggressor,04-01-05-028,79,11/17/2004,118 19.173,33.280067,118.31955,151.9,42,1.19,Male,V0258,V0916,,sunset,S,49104,98.97,,,8
3006,2004,Vermilion Rockfish,Aggressor,04-01-05-028,79,11/17/2004,118 19.173,33.280067,118.31955,151.9,40,1.18,Male,V0253,V0911,"Two vermilions appear at 1-1-3; no way to tell which is which, so we are calling them 1-1-0",sunset,S,59658,87.69,,,6
3007,2004,Vermilion Rockfish,Aggressor,04-01-05-028,79,11/17/2004,118 19.173,33.280067,118.31955,151.9,38,0.87,Female,V0257,V0915,,sunset,S,49896,98.97,,,5
3008,2004,Vermilion Rockfish,Aggressor,04-01-05-028,79,11/17/2004,118 19.173,33.280067,118.31955,151.9,44,1.5,Female,V0255,V0913,"Two vermilions appear at 1-1-3; no way to tell which is which, so we are calling them 1-1-0",sunset,S,31922,80,,,6
3009,2004,Vermilion Rockfish,Aggressor,04-01-05-028,79,11/17/2004,118 19.162,33.280133,118.319367,150.1,37,0.83,Male,V0259,V0917,,sunset,S,57109,98.97,,,6
3010,2004,Vermilion Rockfish,Aggressor,04-01-05-028,79,11/17/2004,118 19.162,33.280133,118.319367,150.1,40,1.14,Male,V0251,V0909,,sunset,S,50730,98.46,,,6
3011,2004,Vermilion Rockfish,Aggressor,04-01-05-028,79,11/17/2004,118 19.162,33.280133,118.319367,150.1,44,1.4,Female,V0254,V0912,,sunset,S,36274,98.46,,,8
3013,2004,Vermilion Rockfish,Aggressor,04-01-05-028,79,11/17/2004,118 19.218,33.28025,118.3203,152.3,40,1.18,Male,V0262,V0920,,sunset,S,48430,98.97,,,6
3014,2004,Vermilion Rockfish,Aggressor,04-01-05-028,79,11/17/2004,118 19.218,33.28025,118.3203,152.3,40,1.02,Female,V0260,V0918,,sunset,S,52684,99.49,,,5
3015,2004,Vermilion Rockfish,Aggressor,04-01-05-028,79,11/17/2004,118 19.218,33.28025,118.3203,152.3,44,1.38,Female,V0263,V0921,,sunset,S,54741,92.82,,,7
3016,2004,Vermilion Rockfish,Aggressor,04-01-05-028,79,11/17/2004,118 19.218,33.28025,118.3203,152.3,48,2.13,Female,V0261,V0919,,sunset,S,57702,95.9,,,6
3018,2004,Vermilion Rockfish,Aggressor,04-01-05-028,79,11/17/2004,118 19.226,33.280333,118.320433,151.9,40,1.11,Female,V0272,V0930,,sunset,S,48433,98.97,,,6
3020,2004,Vermilion Rockfish,Aggressor,04-01-05-028,79,11/17/2004,118 19.226,33.280333,118.320433,151.9,39,0.97,Male,V0265,V0923,,sunset,S,59046,98.46,,,5
3021,2004,Vermilion Rockfish,Aggressor,04-01-05-028,79,11/17/2004,118 19.226,33.280333,118.320433,151.9,38,1.08,Male,V0271,V0929,,sunset,S,60385,94.87,,,5
3023,2004,Vermilion Rockfish,Aggressor,04-01-05-028,79,11/17/2004,118 19.226,33.280333,118.320433,151.9,44,1.42,Female,V0264,V0922,,sunset,S,48339,96.41,,,8
3024,2004,Vermilion Rockfish,Aggressor,04-01-05-028,79,11/17/2004,118 19.226,33.280333,118.320433,151.9,37,0.89,Male,V0266,V0924,,sunset,S,55072,96.92,,,5
3026,2004,Vermilion Rockfish,Aggressor,04-01-05-028,79,11/17/2004,118 19.226,33.280333,118.320433,151.9,40,1.12,Female,V0275,V0933,,sunset,S,54764,97.44,,,5
3027,2004,Vermilion Rockfish,Aggressor,04-01-05-028,79,11/17/2004,118 19.226,33.280333,118.320433,151.9,48,1.92,Female,V0268,V0926,,sunset,S,53767,98.46,,,9
3029,2004,Vermilion Rockfish,Aggressor,04-01-05-028,79,11/17/2004,118 19.221,33.28055,118.32035,149.5,40,1,Male,V0274,V0932,,sunset,S,53269,97.95,,,5
3030,2004,Vermilion Rockfish,Aggressor,04-01-05-028,79,11/17/2004,118 19.221,33.28055,118.32035,149.5,38,0.9,Male,V0276,V0934,,sunset,S,45171,98.97,,,7
3031,2004,Vermilion Rockfish,Aggressor,04-01-05-028,79,11/17/2004,118 19.221,33.28055,118.32035,149.5,40,1.1,Male,V0273,V0931,Vermilion floater randomly assigned to A-5-3,sunset,S,34116,98.46,,,6
3032,2004,Vermilion Rockfish,Aggressor,04-01-05-030,71,11/18/2004,118 22.625,33.29755,118.377083,77.6,22,0.2,Male,V0278,V0936,,sunset,S,50885,98.46,,,
3034,2004,Vermilion Rockfish,Aggressor,04-01-05-030,71,11/18/2004,118 22.577,33.297533,118.376283,76.9,32,0.68,Female,V0284,V0942,,vermilion,V-C,56216,98.46,,,7
3036,2004,Vermilion Rockfish,Aggressor,04-01-05-030,71,11/18/2004,118 22.577,33.297533,118.376283,76.9,30,0.53,Female,V0279,V0937,,vermilion,V-C,55679,98.46,,,4
3037,2004,Vermilion Rockfish,Aggressor,04-01-05-030,71,11/18/2004,118 22.577,33.297533,118.376283,76.9,32,0.58,Male,V0280,V0938,,sunset,S,49655,88.21,,,7
3038,2004,Vermilion Rockfish,Aggressor,04-01-05-030,71,11/18/2004,118 22.603,33.29735,118.376717,64.1,31,0.46,Female,V0285,V0943,,vermilion,V-C,55531,95.9,,,5
3043,2004,Vermilion Rockfish,Aggressor,04-01-05-030,71,11/18/2004,118 22.606,33.29725,118.376767,63.1,24,0.26,Female,V0286,V0944,,sunset,S,57248,94.87,,,
3044,2004,Vermilion Rockfish,Aggressor,04-01-05-030,71,11/18/2004,118 22.606,33.29725,118.376767,63.1,31,0.5,Male,V0287,V0945,,vermilion,V-C,56635,93.85,,,3
3049,2004,Vermilion Rockfish,Aggressor,04-01-05-030,71,11/18/2004,118 22.605,33.2973,118.37675,76.9,30,0.44,Male,V0289,V0947,,vermilion,V-C,51443,98.46,,,4
3050,2004,Vermilion Rockfish,Aggressor,04-01-05-030,71,11/18/2004,118 22.605,33.2973,118.37675,76.9,24,0.26,Male,V0290,V0948,,sunset,S,53018,98.46,,,
3051,2004,Vermilion Rockfish,Aggressor,04-01-05-030,71,11/18/2004,118 22.603,33.29735,118.376717,64.1,28,0.4,Male,V0283,V0941,,vermilion,V-C,56423,97.44,,,4
3052,2004,Vermilion Rockfish,Aggressor,04-01-05-030,71,11/18/2004,118 22.603,33.29735,118.376717,64.1,31,0.5,Male,V0281,V0939,,sunset,S,46762,98.97,,,3
3053,2004,Vermilion Rockfish,Aggressor,04-01-05-030,71,11/18/2004,118 22.603,33.29735,118.376717,64.1,28,0.38,Male,V0282,V0940,,vermilion,V-C,52821,97.95,,,
3055,2004,Vermilion Rockfish,Aggressor,04-01-05-030,71,11/18/2004,118 22.605,33.2973,118.37675,76.9,27,0.31,Male,V0291,V0949,,vermilion,V-C,53722,98.97,,,
3096,2004,Vermilion Rockfish,Aggressor,04-01-05-032,101,11/18/2004,118 37.384,32.989567,118.623067,84.5,40,1.11,Male,V0292,V0950,,vermilion,V-C,53309,98.97,,,6
3106,2004,Vermilion Rockfish,Aggressor,04-01-05-034,114,11/18/2004,118 31.788,32.873917,118.5298,83.6,32,0.54,Male,V0293,V0951,,vermilion,V-C,53910,98.46,,,
3108,2004,Vermilion Rockfish,Aggressor,04-01-05-034,114,11/18/2004,118 31.788,32.873917,118.5298,83.6,38,0.9,Male,V0294,V0952,Dupe verm ADH; should be 1-1-2,vermilion,V-C,58332,90.77,,,6
3109,2004,Vermilion Rockfish,Aggressor,04-01-05-034,114,11/18/2004,118 31.788,32.873917,118.5298,83.6,33,0.62,Female,V0296,V0954,Dupe verm ADH; should be 1-1-3,vermilion,V-C,29005,96.41,,,4
3110,2004,Vermilion Rockfish,Aggressor,04-01-05-034,114,11/18/2004,118 31.788,32.873917,118.5298,83.6,39,1.04,Female,V0297,V0955,,vermilion,V-C,47625,98.46,,,5
3111,2004,Vermilion Rockfish,Aggressor,04-01-05-034,114,11/18/2004,118 31.788,32.873917,118.5298,83.6,29,0.38,Male,V0295,V0953,,vermilion,V-C,51203,98.97,,,6
3121,2004,Vermilion Rockfish,Aggressor,04-01-05-034,114,11/18/2004,118 31.788,32.873367,118.5298,86.9,46,1.62,Male,V0299,V0957,,vermilion,V-C,54982,98.97,,,16
3123,2004,Vermilion Rockfish,Aggressor,04-01-05-034,114,11/18/2004,118 31.788,32.873367,118.5298,86.9,46,1.58,Male,V0298,V0956,,vermilion,V-C,55437,97.95,,,14
3140,2004,Vermilion Rockfish,Aggressor,04-01-05-035,119,11/18/2004,118 31.288,32.833233,118.521467,104.3,46,2.14,Female,V0312,V0586,,vermilion,V-C,55462,93.85,,,14
3149,2004,Vermilion Rockfish,Aggressor,04-01-05-035,119,11/18/2004,118 31.250,32.8327,118.520833,102.8,44,1.68,Female,V0309,V0583,,vermilion,V-C,56601,98.97,,,6
3152,2004,Vermilion Rockfish,Aggressor,04-01-05-035,119,11/18/2004,118 31.250,32.8327,118.520833,102.8,49,1.86,Male,V0305,V0579,,sunset,S,52943,99.49,,,15
3156,2004,Vermilion Rockfish,Aggressor,04-01-05-035,119,11/18/2004,118 31.250,32.8327,118.520833,102.8,46,2.06,Female,V0303,V0577,,sunset,S,49575,98.46,,,10
3160,2004,Vermilion Rockfish,Aggressor,04-01-05-035,119,11/18/2004,118 31.250,32.8327,118.520833,102.8,46,1.72,Female,V0315,V0589,,sunset,S,52224,98.97,,,10
3164,2004,Vermilion Rockfish,Aggressor,04-01-05-035,119,11/18/2004,118 31.252,32.832517,118.520867,102.8,44,1.46,Male,V0310,V0584,,vermilion,V-C,55610,98.97,,,6
3167,2004,Vermilion Rockfish,Aggressor,04-01-05-035,119,11/18/2004,118 31.252,32.832517,118.520867,102.8,42,1.34,Female,V0316,V0590,,sunset,S,45802,98.97,,,5
3170,2004,Vermilion Rockfish,Aggressor,04-01-05-035,119,11/18/2004,118 31.252,32.832517,118.520867,102.8,46,1.57,Male,V0308,V0582,,vermilion,V-C,50727,98.97,,,11
3172,2004,Vermilion Rockfish,Aggressor,04-01-05-035,119,11/18/2004,118 31.252,32.832517,118.520867,102.8,46,1.77,Male,V0311,V0585,,vermilion,V-C,52316,98.46,,,17
3174,2004,Vermilion Rockfish,Aggressor,04-01-05-035,119,11/18/2004,118 31.252,32.832517,118.520867,102.8,44,1.48,Male,V0304,V0578,,vermilion,V-C,55187,98.46,,,
3177,2004,Vermilion Rockfish,Aggressor,04-01-05-035,119,11/18/2004,118 31.252,32.832517,118.520867,102.8,44,1.52,Female,V0313,V0587,,vermilion,V-C,46957,98.97,,,8
3187,2004,Vermilion Rockfish,Aggressor,04-01-05-035,119,11/18/2004,118 31.246,32.832517,118.520767,102.7,42,1.27,Male,V0300,V0958,,vermilion,V-C,34602,86.15,,,8
3188,2004,Vermilion Rockfish,Aggressor,04-01-05-035,119,11/18/2004,118 31.246,32.832517,118.520767,102.7,48,1.7,Male,V0301,V0959,,vermilion,V-C,54457,98.46,,,15
3189,2004,Vermilion Rockfish,Aggressor,04-01-05-035,119,11/18/2004,118 31.246,32.832517,118.520767,102.7,48,1.56,Male,V0317,V0591,,vermilion,V-C,50180,98.97,,,12
3192,2004,Vermilion Rockfish,Aggressor,04-01-05-035,119,11/18/2004,118 31.246,32.832517,118.520767,102.7,46,1.72,Female,V0302,V0960,,vermilion,V-C,41436,98.97,,,12
3311,2004,Vermilion Rockfish,Aggressor,04-01-05-039,133,11/19/2004,118 24.674,32.7443,118.411233,91.7,42,1.32,Male,V0318,V0592,,sunset,S,30929,99.49,,,8
3316,2004,Vermilion Rockfish,Aggressor,04-01-05-039,133,11/19/2004,118 24.666,32.744367,118.4111,97.2,36,0.86,Male,V0319,V0593,,sunset,S,47410,98.97,,,5
3319,2004,Vermilion Rockfish,Aggressor,04-01-05-039,133,11/19/2004,118 24.633,32.744283,118.41055,101.4,48,1.88,Male,V0320,V0594,,sunset,S,52237,84.62,,,10
3335,2004,Vermilion Rockfish,Aggressor,04-01-05-040,130,11/19/2004,118 24.933,32.76195,118.41555,79.4,50,2.28,Female,V0321,V0595,,vermilion,V-C,47848,98.97,,,
3352,2004,Vermilion Rockfish,Aggressor,04-01-05-042,29,11/20/2004,118 12.724,32.021983,118.212067,126.1,49,2.24,Female,V0322,V0596,,sunset,S,48392,98.97,,,10
3417,2004,Vermilion Rockfish,Aggressor,04-01-05-044,22,11/20/2004,118 15.519,32.08745,118.25865,101.4,46,2.02,Male,V0323,V0597,,sunset,S,49240,98.97,,,8
3479,2004,Vermilion Rockfish,Aggressor,04-01-05-045,18,11/20/2004,118 14.620,32.094133,118.243667,136,52,2.28,Male,V0330,V0604,,sunset,S,57114,98.97,,,16
3480,2004,Vermilion Rockfish,Aggressor,04-01-05-045,18,11/20/2004,118 14.620,32.094133,118.243667,136,47,1.9,Male,V0326,V0600,,sunset,S,52849,99.49,,,8
3481,2004,Vermilion Rockfish,Aggressor,04-01-05-045,18,11/20/2004,118 14.620,32.094133,118.243667,136,48,2.3,Female,V0324,V0598,,sunset,S,54381,98.46,,,
3482,2004,Vermilion Rockfish,Aggressor,04-01-05-045,18,11/20/2004,118 14.620,32.094133,118.243667,136,52,2.54,Male,V0329,V0603,,sunset,S,40863,98.46,,,13
3483,2004,Vermilion Rockfish,Aggressor,04-01-05-045,18,11/20/2004,118 14.620,32.094133,118.243667,136,50,2.02,Male,V0328,V0602,,sunset,S,49849,97.95,,,10
3489,2004,Vermilion Rockfish,Aggressor,04-01-05-045,18,11/20/2004,118 14.617,32.094167,118.243617,135.4,52,2.58,Female,V0331,V0605,,sunset,S,51183,97.95,,,
3492,2004,Vermilion Rockfish,Aggressor,04-01-05-045,18,11/20/2004,118 14.617,32.094167,118.243617,135.4,46,1.87,Female,V0327,V0601,,sunset,S,52435,98.46,,,8
3493,2004,Vermilion Rockfish,Aggressor,04-01-05-045,18,11/20/2004,118 14.617,32.094167,118.243617,135.4,51,2.26,Male,V0332,V0606,,sunset,S,49132,98.97,,,13
3494,2004,Vermilion Rockfish,Aggressor,04-01-05-045,18,11/20/2004,118 14.617,32.094167,118.243617,135.4,48,1.94,Male,V0333,V0607,,sunset,S,50286,98.97,,,9
3495,2004,Vermilion Rockfish,Aggressor,04-01-05-045,18,11/20/2004,118 14.617,32.094167,118.243617,135.4,49,2.34,Female,V0325,V0599,,sunset,S,57653,96.92,,,10
3508,2004,Vermilion Rockfish,Aggressor,04-01-05-045,18,11/20/2004,118 14.640,32.09405,118.244,133.8,51,2.08,Male,V0334,V0608,,sunset,S,54842,97.44,,,
3516,2004,Vermilion Rockfish,Aggressor,04-01-05-045,18,11/20/2004,118 14.640,32.09405,118.244,133.8,46,1.9,Female,V0335,V0609,Orig. recorded on matrix as bocaccio,sunset,S,48883,99.49,,,8
3616,2004,Vermilion Rockfish,Mirage,04-01-01-001,205,11/10/2004,119 42.230,34.225167,119.703833,151.9,38,0.92,Female,V0004,V0196,,sunset,S,74730,94.36,,,5
3617,2004,Vermilion Rockfish,Mirage,04-01-01-001,205,11/10/2004,119 42.230,34.225167,119.703833,151.9,44,1.53,Female,V0002,V0194,,sunset,S,82984,90.77,,,6
3618,2004,Vermilion Rockfish,Mirage,04-01-01-001,205,11/10/2004,119 42.230,34.225167,119.703833,151.9,42,1.29,Female,V0003,V0195,,sunset,S,81142,97.44,,,5
3624,2004,Vermilion Rockfish,Mirage,04-01-01-001,205,11/10/2004,119 42.230,34.225167,119.703833,151.9,38,0.97,Female,V0010,V0203,,sunset,S,56996,98.46,,,5
3625,2004,Vermilion Rockfish,Mirage,04-01-01-001,205,11/10/2004,119 42.230,34.225167,119.703833,151.9,38,1.01,Female,V0009,V0202,,sunset,S,79551,98.97,,,5
3626,2004,Vermilion Rockfish,Mirage,04-01-01-001,205,11/10/2004,119 42.230,34.225167,119.703833,151.9,40,1.12,Male,V0007,V0200,,sunset,S,69050,98.46,,,
3627,2004,Vermilion Rockfish,Mirage,04-01-01-001,205,11/10/2004,119 42.230,34.225167,119.703833,151.9,40,1.12,Male,V0008,V0201,,sunset,S,61452,86.15,,,5
3629,2004,Vermilion Rockfish,Mirage,04-01-01-001,205,11/10/2004,119 42.231,34.225233,119.70385,151.9,44,1.53,Male,V0019,V0212,,sunset,S,63297,98.97,,,6
3632,2004,Vermilion Rockfish,Mirage,04-01-01-001,205,11/10/2004,119 42.231,34.225233,119.70385,151.9,39,1.1,Male,V0018,V0211,,sunset,S,68668,99.49,,,5
3633,2004,Vermilion Rockfish,Mirage,04-01-01-001,205,11/10/2004,119 42.231,34.225233,119.70385,151.9,44,1.56,Female,V0015,V0208,,sunset,S,73460,98.97,,,
3634,2004,Vermilion Rockfish,Mirage,04-01-01-001,205,11/10/2004,119 42.231,34.225233,119.70385,151.9,38,1.05,Male,V0014,V0207,,sunset,S,70002,98.46,,,5
3636,2004,Vermilion Rockfish,Mirage,04-01-01-001,205,11/10/2004,119 42.231,34.225233,119.70385,151.9,39,1,Male,V0011,V0204,,sunset,S,69448,98.97,,,
3637,2004,Vermilion Rockfish,Mirage,04-01-01-001,205,11/10/2004,119 42.231,34.225233,119.70385,151.9,38,0.92,Female,V0013,V0206,,sunset,S,63765,98.46,,,5
3638,2004,Vermilion Rockfish,Mirage,04-01-01-001,205,11/10/2004,119 42.231,34.225233,119.70385,151.9,42,1.16,Male,V0012,V0205,,sunset,S,83046,99.49,,,5
3642,2004,Vermilion Rockfish,Mirage,04-01-01-001,205,11/10/2004,119 42.227,34.225133,119.703783,151.9,43,1.5,Female,V0021,V0213,There are duplicate V213 also a V213 on Angler 1 Drop 2 Hook 5 Cannot reconcile until maybe finclips are worked up (8/25/2008 JAB).,sunset,S,68546,99.49,,,7
3643,2004,Vermilion Rockfish,Mirage,04-01-01-001,205,11/10/2004,119 42.227,34.225133,119.703783,151.9,41,1.22,Female,V0022,V0214,Otie orig. listed as V021 (dupe with 1-3-3); not changed in db til 2008,sunset,S,77803,86.67,,,5
3648,2004,Vermilion Rockfish,Mirage,04-01-01-001,205,11/10/2004,119 42.227,34.225133,119.703783,151.9,40,1.11,Female,V0026,V0218,,sunset,S,65191,98.97,,,
3649,2004,Vermilion Rockfish,Mirage,04-01-01-001,205,11/10/2004,119 42.227,34.225133,119.703783,151.9,44,1.62,Female,V0025,V0217,,sunset,S,69837,98.97,,,7
3659,2004,Vermilion Rockfish,Mirage,04-01-01-001,205,11/10/2004,119 42.223,34.22535,119.703717,151.9,39,1.08,Male,V0029,V0221,,sunset,S,73831,98.46,,,5
3660,2004,Vermilion Rockfish,Mirage,04-01-01-001,205,11/10/2004,119 42.223,34.22535,119.703717,151.9,42,1.37,Male,V0030,V0222,,sunset,S,77846,98.97,,,5
3662,2004,Vermilion Rockfish,Mirage,04-01-01-001,205,11/10/2004,119 42.223,34.22535,119.703717,151.9,40,1.26,Female,V0033,V0224,,sunset,S,68789,98.97,,,5
3663,2004,Vermilion Rockfish,Mirage,04-01-01-001,205,11/10/2004,119 42.223,34.22535,119.703717,151.9,40,1.15,Male,V0032,V0223,There are duplicate V223 also a V223 on Angler 2 Drop 4 Hook 2 Cannot reconcile until maybe finclips are worked up (8/25/2008 JAB).,sunset,S,75153,98.46,,,5
3664,2004,Vermilion Rockfish,Mirage,04-01-01-001,205,11/10/2004,119 42.241,34.225717,119.704017,150.1,36,0.91,Male,V0035,V0226,,sunset,S,83061,88.72,,,
3665,2004,Vermilion Rockfish,Mirage,04-01-01-001,205,11/10/2004,119 42.241,34.225717,119.704017,150.1,44,1.76,Male,V0034,V0225,,sunset,S,83717,87.69,,,8
3670,2004,Vermilion Rockfish,Mirage,04-01-01-001,205,11/10/2004,119 42.241,34.225717,119.704017,150.1,38,1.05,Male,V0039,V0230,,sunset,S,77361,98.97,,,5
3671,2004,Vermilion Rockfish,Mirage,04-01-01-001,205,11/10/2004,119 42.241,34.225717,119.704017,150.1,38,0.98,Male,V0040,V0231,,sunset,S,73637,88.21,,,5
3674,2004,Vermilion Rockfish,Mirage,04-01-01-001,205,11/10/2004,119 42.241,34.225717,119.704017,150.1,38,1.06,Female,V0038,V0229,,sunset,S,78089,98.46,,,5
3676,2004,Vermilion Rockfish,Mirage,04-01-01-001,205,11/10/2004,119 42.241,34.225717,119.704017,150.1,42,1.35,Female,V0037,V0228,,sunset,S,74380,91.28,,,7
3680,2004,Vermilion Rockfish,Mirage,04-01-01-034,291,11/20/2004,117 18.866,32.934483,117.314433,75,34,0.7,Female,V0332,V0904,,vermilion,V-C,60509,98.97,,,5
3690,2004,Vermilion Rockfish,Mirage,04-01-01-003,187,11/10/2004,120 08.434,34.431933,120.140567,68.6,34,0.66,Female,V0045,V0236,,vermilion,V-C,80209,94.87,,,5
3691,2004,Vermilion Rockfish,Mirage,04-01-01-003,187,11/10/2004,120 08.434,34.431933,120.140567,68.6,33,0.65,Male,V0046,V0237,,vermilion,V-C,79164,98.46,,,
3698,2004,Vermilion Rockfish,Mirage,04-01-01-034,291,11/20/2004,117 18.871,32.934767,117.314517,82.4,38,0.92,Female,V0333,V0905,,vermilion,V-C,64341,96.92,,,5
3704,2004,Vermilion Rockfish,Mirage,04-01-01-003,187,11/10/2004,120 08.434,34.431933,120.140567,68.6,34,0.73,Female,V0042,V0233,,vermilion,V-C,83492,85.64,,,5
3711,2004,Vermilion Rockfish,Mirage,04-01-01-003,187,11/10/2004,120 08.441,34.431833,120.140683,68.6,33,0.68,Female,V0049,V0240,,vermilion,V-C,81869,97.95,,,
3719,2004,Vermilion Rockfish,Mirage,04-01-01-003,187,11/10/2004,120 08.441,34.431833,120.140683,68.6,35,0.77,Male,V0043,V0234,,vermilion,V-C,78019,98.97,,,
3720,2004,Vermilion Rockfish,Mirage,04-01-01-003,187,11/10/2004,120 08.441,34.431833,120.140683,68.6,36,0.8,Male,V0044,V0235,,vermilion,V-C,85007,87.18,,,5
3721,2004,Vermilion Rockfish,Mirage,04-01-01-003,187,11/10/2004,120 08.472,34.4317,120.1412,69.5,32,0.6,Male,V0047,V0238,,vermilion,V-C,72997,98.97,,,5
3726,2004,Vermilion Rockfish,Mirage,04-01-01-003,187,11/10/2004,120 08.472,34.4317,120.1412,69.5,30,0.45,Male,V0048,V0239,,vermilion,V-C,86442,93.85,,,
3728,2004,Vermilion Rockfish,Mirage,04-01-01-003,187,11/10/2004,120 08.442,34.43185,120.1407,68.1,34,0.72,Female,V0053,V0244,,vermilion,V-C,70993,90.77,,,5
3729,2004,Vermilion Rockfish,Mirage,04-01-01-003,187,11/10/2004,120 08.442,34.43185,120.1407,68.1,33,0.66,Male,V0054,V0245,,vermilion,V-C,66061,96.41,,,5
3730,2004,Vermilion Rockfish,Mirage,04-01-01-003,187,11/10/2004,120 08.442,34.43185,120.1407,68.1,32,0.62,Male,V0052,V0243,,vermilion,V-C,74173,98.97,,,
3731,2004,Vermilion Rockfish,Mirage,04-01-01-003,187,11/10/2004,120 08.442,34.43185,120.1407,68.1,32,0.59,Female,V0055,V0246,,vermilion,V-C,72746,98.97,,,5
3734,2004,Vermilion Rockfish,Mirage,04-01-01-003,187,11/10/2004,120 08.442,34.43185,120.1407,68.1,33,0.65,Female,V0050,V0241,,vermilion,V-C,74227,98.97,,,5
3735,2004,Vermilion Rockfish,Mirage,04-01-01-003,187,11/10/2004,120 08.442,34.43185,120.1407,68.1,36,0.86,Female,V0051,V0242,,sunset,S,71617,98.97,,,5
3740,2004,Vermilion Rockfish,Mirage,04-01-01-003,187,11/10/2004,120 08.414,34.431883,120.140233,69.4,33,0.56,Male,V0057,V0248,,vermilion,V-C,67160,98.46,,,4
3742,2004,Vermilion Rockfish,Mirage,04-01-01-003,187,11/10/2004,120 08.414,34.431883,120.140233,69.4,28,0.4,Male,V0060,V0251,,vermilion,V-C,57791,97.95,,,
3744,2004,Vermilion Rockfish,Mirage,04-01-01-003,187,11/10/2004,120 08.414,34.431883,120.140233,69.4,36,0.87,Male,V0059,V0250,,vermilion,V-C,83155,85.64,,,5
3755,2004,Vermilion Rockfish,Mirage,04-01-01-004,140,11/11/2004,120 41.521,34.505083,120.692017,104.9,47,1.72,Male,V0063,V0254,,vermilion,V-C,74090,98.46,,,8
3757,2004,Vermilion Rockfish,Mirage,04-01-01-004,140,11/11/2004,120 41.499,34.504917,120.69165,102.8,48,1.72,Male,V0071,V0262,,vermilion,V-C,56877,93.33,,,10
3759,2004,Vermilion Rockfish,Mirage,04-01-01-004,140,11/11/2004,120 41.499,34.504917,120.69165,102.8,44,1.34,Male,V0064,V0255,,vermilion,V-C,73647,98.97,,,8
3766,2004,Vermilion Rockfish,Mirage,04-01-01-004,140,11/11/2004,120 41.499,34.504917,120.69165,102.8,49,2.04,Male,V0076,V0267,,vermilion,V-C,71641,98.46,,,17
3771,2004,Vermilion Rockfish,Mirage,04-01-01-004,140,11/11/2004,120 41.492,34.505017,120.691533,101.7,38,0.96,Female,V0067,V0258,,vermilion,V-C,71047,86.67,,,6
3799,2004,Vermilion Rockfish,Mirage,04-01-01-004,140,11/11/2004,120 41.492,34.505017,120.691533,101.7,47,1.64,Female,V0077,V0268,,vermilion,V-C,67959,98.46,,,8
3803,2004,Vermilion Rockfish,Mirage,04-01-01-004,140,11/11/2004,120 41.492,34.505017,120.691533,101.7,41,1.24,Male,V0074,V0265,,vermilion,V-C,84730,97.95,,,8
3807,2004,Vermilion Rockfish,Mirage,04-01-01-004,140,11/11/2004,120 41.490,34.505017,120.6915,102.5,49,1.96,Male,V0075,V0266,,vermilion,V-C,71658,98.97,,,12
3810,2004,Vermilion Rockfish,Mirage,04-01-01-004,140,11/11/2004,120 41.490,34.505017,120.6915,102.5,41,1.3,Female,V0065,V0256,,vermilion,V-C,74090,98.97,,,6
3812,2004,Vermilion Rockfish,Mirage,04-01-01-004,140,11/11/2004,120 41.490,34.505017,120.6915,102.5,45,1.64,Male,V0069,V0260,,vermilion,V-C,89908,93.85,,,13
3813,2004,Vermilion Rockfish,Mirage,04-01-01-004,140,11/11/2004,120 41.490,34.505017,120.6915,102.5,48,1.76,Male,V0066,V0257,,vermilion,V-C,77623,87.18,,,10
3818,2004,Vermilion Rockfish,Mirage,04-01-01-004,140,11/11/2004,120 41.490,34.505017,120.6915,102.5,45,1.76,Female,V0068,V0259,,vermilion,V-C,63767,98.97,,,10
3822,2004,Vermilion Rockfish,Mirage,04-01-01-004,140,11/11/2004,120 41.487,34.505067,120.69145,101.6,49,2.02,Male,V0072,V0263,,vermilion,V-C,60998,95.38,,,12
3826,2004,Vermilion Rockfish,Mirage,04-01-01-004,140,11/11/2004,120 41.487,34.505067,120.69145,101.6,45,1.48,Male,V0078,V0269,,vermilion,V-C,78381,95.9,,,
3837,2004,Vermilion Rockfish,Mirage,04-01-01-005,146,11/11/2004,120 40.615,34.500217,120.676917,98.8,43,1.3,Male,V0083,V0274,,vermilion,V-C,65546,98.46,,,7
3848,2004,Vermilion Rockfish,Mirage,04-01-01-005,146,11/11/2004,120 40.617,34.500133,120.67695,98.8,43,1.38,Male,V0087,V0278,,vermilion,V-C,73087,98.97,,,10
3852,2004,Vermilion Rockfish,Mirage,04-01-01-005,146,11/11/2004,120 40.617,34.500133,120.67695,98.8,46,1.66,Male,V0081,V0272,,vermilion,V-C,79199,98.46,,,15
3853,2004,Vermilion Rockfish,Mirage,04-01-01-005,146,11/11/2004,120 40.617,34.500133,120.67695,98.8,43,1.64,Female,V0079,V0270,,vermilion,V-C,66407,98.46,,,8
3854,2004,Vermilion Rockfish,Mirage,04-01-01-005,146,11/11/2004,120 40.617,34.500133,120.67695,98.8,45,1.56,Male,V0080,V0271,,vermilion,V-C,66327,98.46,,,10
3858,2004,Vermilion Rockfish,Mirage,04-01-01-005,146,11/11/2004,120 40.617,34.500133,120.67695,98.8,46,1.52,Male,V0082,V0273,,vermilion,V-C,82130,97.44,,,10
3861,2004,Vermilion Rockfish,Mirage,04-01-01-005,146,11/11/2004,120 40.614,34.500183,120.6769,98.8,43,1.5,Male,V0084,V0275,,vermilion,V-C,71842,98.46,,,8
3864,2004,Vermilion Rockfish,Mirage,04-01-01-005,146,11/11/2004,120 40.614,34.500183,120.6769,98.8,42,1.22,Male,V0090,V0281,,vermilion,V-C,74476,98.46,,,8
3871,2004,Vermilion Rockfish,Mirage,04-01-01-005,146,11/11/2004,120 40.614,34.500183,120.6769,98.8,45,1.56,Male,V0089,V0280,,vermilion,V-C,61391,97.44,,,11
3875,2004,Vermilion Rockfish,Mirage,04-01-01-005,146,11/11/2004,120 40.614,34.500183,120.6769,98.8,44,1.72,Female,V0085,V0276,,vermilion,V-C,72433,98.97,,,8
3880,2004,Vermilion Rockfish,Mirage,04-01-01-026,2,11/18/2004,117 59.507,33.396333,117.991783,128.1,41,1.26,Male,V0301,V0873,,sunset,S,59603,98.97,,,5
3884,2004,Vermilion Rockfish,Mirage,04-01-01-005,146,11/11/2004,120 40.611,34.4998,120.67685,98.8,44,1.58,Female,V0091,V0282,,vermilion,V-C,70381,98.97,,,8
3898,2004,Vermilion Rockfish,Mirage,04-01-01-026,2,11/18/2004,117 59.491,33.3961,117.991517,128.1,41,1.4,Male,V0302,V0874,,sunset,S,62639,96.92,,,5
3901,2004,Vermilion Rockfish,Mirage,04-01-01-005,146,11/11/2004,120 40.616,34.499983,120.676933,97.9,47,1.58,Male,V0096,V0287,,vermilion,V-C,71818,98.46,,,
3907,2004,Vermilion Rockfish,Mirage,04-01-01-005,146,11/11/2004,120 40.616,34.499983,120.676933,97.9,46,1.64,Male,V0093,V0284,,vermilion,V-C,64171,98.97,,,10
3908,2004,Vermilion Rockfish,Mirage,04-01-01-005,146,11/11/2004,120 40.616,34.499983,120.676933,97.9,45,1.88,Female,V0094,V0285,,vermilion,V-C,68225,98.97,,,10
3913,2004,Vermilion Rockfish,Mirage,04-01-01-005,146,11/11/2004,120 40.616,34.499983,120.676933,97.9,46,1.72,Female,V0092,V0283,,vermilion,V-C,66842,98.97,,,14
3936,2004,Vermilion Rockfish,Mirage,04-01-01-006,148,11/11/2004,120 39.476,34.479967,120.657933,107.1,48,1.86,Male,V0102,V0293,,vermilion,V-C,67277,98.97,,,18
3945,2004,Vermilion Rockfish,Mirage,04-01-01-006,148,11/11/2004,120 39.476,34.479967,120.657933,107.1,41,1.22,Male,V0101,V0292,,vermilion,V-C,68301,98.97,,,7
3953,2004,Vermilion Rockfish,Mirage,04-01-01-006,148,11/11/2004,120 39.476,34.479967,120.657933,107.1,42,1.26,Male,V0099,V0290,,vermilion,V-C,69164,98.97,,,13
3954,2004,Vermilion Rockfish,Mirage,04-01-01-006,148,11/11/2004,120 39.476,34.479967,120.657933,107.1,45,1.76,Male,V0100,V0291,,vermilion,V-C,65243,98.97,,,6
3961,2004,Vermilion Rockfish,Mirage,04-01-01-006,148,11/11/2004,120 39.467,34.4794,120.657783,109.8,39,1.26,Female,V0107,V0298,,vermilion,V-C,52096,98.97,,,5
3968,2004,Vermilion Rockfish,Mirage,04-01-01-006,148,11/11/2004,120 39.467,34.4794,120.657783,109.8,47,1.58,Male,V0105,V0296,,vermilion,V-C,47260,98.97,,,6
3970,2004,Vermilion Rockfish,Mirage,04-01-01-006,148,11/11/2004,120 39.467,34.4794,120.657783,109.8,47,1.68,Male,V0106,V0297,,vermilion,V-C,55355,86.67,,,11
3977,2004,Vermilion Rockfish,Mirage,04-01-01-006,148,11/11/2004,120 39.467,34.4794,120.657783,109.8,45,1.6,Male,V0104,V0295,,vermilion,V-C,30515,79.49,,,17
3981,2004,Vermilion Rockfish,Mirage,04-01-01-006,148,11/11/2004,120 39.451,34.47945,120.657517,109.8,43,1.38,Male,V0108,V0299,,vermilion,V-C,55218,97.44,,,10
3991,2004,Vermilion Rockfish,Mirage,04-01-01-006,148,11/11/2004,120 39.451,34.47945,120.657517,109.8,49,2.3,Female,V0109,V0300,,vermilion,V-C,59813,77.44,,,14
4069,2004,Vermilion Rockfish,Mirage,04-01-01-029,33,11/19/2004,117 23.971,32.613833,117.399517,128.1,41,1.4,Male,V0305,V0877,,sunset,S,63229,76.41,,,5
4070,2004,Vermilion Rockfish,Mirage,04-01-01-029,33,11/19/2004,117 23.971,32.613833,117.399517,128.1,46,2,Male,V0304,V0876,,sunset,S,113362,98.97,,,8
4072,2004,Vermilion Rockfish,Mirage,04-01-01-029,33,11/19/2004,117 23.971,32.613833,117.399517,128.1,44,1.64,Female,V0303,V0875,,sunset,S,60069,98.97,,,9
4090,2004,Vermilion Rockfish,Mirage,04-01-01-007,154,11/11/2004,120 33.291,34.43175,120.55485,128.1,49,2.26,Female,V0127,V0318,,sunset,S,71179,89.74,,,10
4091,2004,Vermilion Rockfish,Mirage,04-01-01-007,154,11/11/2004,120 33.291,34.43175,120.55485,128.1,47,2.06,Male,V0110,V0301,,sunset,S,45091,83.59,,,10
4092,2004,Vermilion Rockfish,Mirage,04-01-01-007,154,11/11/2004,120 33.291,34.43175,120.55485,128.1,47,1.88,Female,V0120,V0311,,sunset,S,71179,79.49,,,12
4101,2004,Vermilion Rockfish,Mirage,04-01-01-007,154,11/11/2004,120 33.279,34.431817,120.55465,128.1,40,1.18,Male,V0126,V0317,,sunset,S,45684,96.41,,,6
4103,2004,Vermilion Rockfish,Mirage,04-01-01-007,154,11/11/2004,120 33.279,34.431817,120.55465,128.1,42,1.26,Female,V0131,V0322,,sunset,S,60782,97.95,,,5
4105,2004,Vermilion Rockfish,Mirage,04-01-01-007,154,11/11/2004,120 33.279,34.431817,120.55465,128.1,45,1.56,Female,V0132,V0323,,sunset,S,68637,82.05,,,6
4106,2004,Vermilion Rockfish,Mirage,04-01-01-007,154,11/11/2004,120 33.279,34.431817,120.55465,128.1,42,1.44,Female,V0118,V0309,,sunset,S,66007,97.95,,,6
4111,2004,Vermilion Rockfish,Mirage,04-01-01-007,154,11/11/2004,120 33.276,34.4317,120.5546,129.9,38,0.96,Male,V0114,V0305,,sunset,S,62929,91.28,,,5
4112,2004,Vermilion Rockfish,Mirage,04-01-01-007,154,11/11/2004,120 33.276,34.4317,120.5546,129.9,49,1.96,Male,V0112,V0303,,sunset,S,56536,98.46,,,
4120,2004,Vermilion Rockfish,Mirage,04-01-01-007,154,11/11/2004,120 33.276,34.4317,120.5546,129.9,41,1.2,Male,V0115,V0306,,sunset,S,66815,97.44,,,5
4121,2004,Vermilion Rockfish,Mirage,04-01-01-007,154,11/11/2004,120 33.276,34.4317,120.5546,129.9,40,1.06,Female,V0113,V0304,,sunset,S,59709,98.97,,,5
4122,2004,Vermilion Rockfish,Mirage,04-01-01-007,154,11/11/2004,120 33.276,34.4317,120.5546,129.9,40,1.12,Male,V0116,V0307,,sunset,S,74783,86.67,,,
4123,2004,Vermilion Rockfish,Mirage,04-01-01-007,154,11/11/2004,120 33.276,34.4317,120.5546,129.9,40,1.12,Male,V0119,V0310,,sunset,S,64628,98.97,,,6
4126,2004,Vermilion Rockfish,Mirage,04-01-01-007,154,11/11/2004,120 33.276,34.4317,120.5546,129.9,47,2.04,Female,V0133,V0324,,sunset,S,54585,97.44,,,10
4128,2004,Vermilion Rockfish,Mirage,04-01-01-007,154,11/11/2004,120 33.276,34.4317,120.5546,129.9,46,1.86,Female,V0124,V0315,,sunset,S,62342,98.97,,,10
4129,2004,Vermilion Rockfish,Mirage,04-01-01-007,154,11/11/2004,120 33.276,34.4317,120.5546,129.9,46,1.62,Male,V0121,V0312,,sunset,S,61210,98.46,,,8
4130,2004,Vermilion Rockfish,Mirage,04-01-01-007,154,11/11/2004,120 33.276,34.4317,120.5546,129.9,39,1.1,Female,V0117,V0308,,sunset,S,66527,96.92,,,5
4141,2004,Vermilion Rockfish,Mirage,04-01-01-007,154,11/11/2004,120 33.277,34.431833,120.554617,129,44,1.58,Female,V0129,V0320,,sunset,S,57494,97.44,,,6
4142,2004,Vermilion Rockfish,Mirage,04-01-01-007,154,11/11/2004,120 33.277,34.431833,120.554617,129,39,1.04,Male,V0128,V0319,,sunset,S,65618,81.03,,,5
4143,2004,Vermilion Rockfish,Mirage,04-01-01-007,154,11/11/2004,120 33.277,34.431833,120.554617,129,41,1.2,Male,V0122,V0313,,sunset,S,62647,96.41,,,5
4144,2004,Vermilion Rockfish,Mirage,04-01-01-007,154,11/11/2004,120 33.277,34.431833,120.554617,129,38,0.95,Male,V0125,V0316,,sunset,S,57621,98.97,,,5
4145,2004,Vermilion Rockfish,Mirage,04-01-01-007,154,11/11/2004,120 33.277,34.431833,120.554617,129,39,1.14,Female,V0135,V0326,,sunset,S,67630,87.69,,,5
4146,2004,Vermilion Rockfish,Mirage,04-01-01-007,154,11/11/2004,120 33.277,34.431833,120.554617,129,44,1.4,Male,V0134,V0325,,sunset,S,52036,98.97,,,8
4147,2004,Vermilion Rockfish,Mirage,04-01-01-007,154,11/11/2004,120 33.277,34.431833,120.554617,129,38,0.94,Male,V0130,V0321,,sunset,S,61910,98.97,,,5
4148,2004,Vermilion Rockfish,Mirage,04-01-01-007,154,11/11/2004,120 33.277,34.431833,120.554617,129,38,0.93,Male,V0136,V0327,,sunset,S,67794,96.41,,,6
4149,2004,Vermilion Rockfish,Mirage,04-01-01-007,154,11/11/2004,120 33.277,34.431833,120.554617,129,40,1.02,Male,V0123,V0314,,sunset,S,62651,98.97,,,5
4157,2004,Vermilion Rockfish,Mirage,04-01-01-008,152,11/11/2004,120 31.880,34.4415,120.531333,83.3,43,1.36,Male,V0137,V0328,,vermilion,V-B,52262,98.97,,,10
4166,2004,Vermilion Rockfish,Mirage,04-01-01-008,152,11/11/2004,120 31.880,34.4415,120.531333,83.3,41,1.22,Female,V0163,V0354,,vermilion,V-C,70495,87.69,,,10
4168,2004,Vermilion Rockfish,Mirage,04-01-01-008,152,11/11/2004,120 31.880,34.4415,120.531333,83.3,40,1.1,Male,V0166,V0357,,vermilion,V-C,71287,96.92,,,7
4173,2004,Vermilion Rockfish,Mirage,04-01-01-008,152,11/11/2004,120 31.880,34.4415,120.531333,83.3,34,0.66,Female,V0175,V0366,,vermilion,V-C,55231,98.46,,,5
4174,2004,Vermilion Rockfish,Mirage,04-01-01-008,152,11/11/2004,120 31.880,34.4415,120.531333,83.3,44,1.5,Male,V0171,V0362,,vermilion,V-C,67376,95.9,,,11
4194,2004,Vermilion Rockfish,Mirage,04-01-01-031,298,11/19/2004,117 17.069,32.611017,117.284483,78.3,43,1.24,Female,V0321,V0893,,sunset,S,59635,98.97,,,6
4199,2004,Vermilion Rockfish,Mirage,04-01-01-031,298,11/19/2004,117 17.069,32.611017,117.284483,78.3,42,1.36,Female,V0320,V0892,,sunset,S,62908,98.97,,,7
4200,2004,Vermilion Rockfish,Mirage,04-01-01-031,298,11/19/2004,117 17.069,32.611017,117.284483,78.3,44,1.64,Female,V0319,V0891,,vermilion,V-B,60250,98.97,,,15
4202,2004,Vermilion Rockfish,Mirage,04-01-01-031,298,11/19/2004,117 17.068,32.610867,117.284467,78,37,0.98,Female,V0322,V0894,,sunset,S,55487,98.97,,,5
4203,2004,Vermilion Rockfish,Mirage,04-01-01-031,298,11/19/2004,117 17.057,32.6105,117.284283,78.7,34,0.68,Female,V0323,V0895,,vermilion,V-B,59590,98.97,,,5
4204,2004,Vermilion Rockfish,Mirage,04-01-01-031,298,11/19/2004,117 17.057,32.6105,117.284283,78.7,54,2.74,Female,V0324,V0896,,vermilion,V-C,64165,92.82,,,51
4209,2004,Vermilion Rockfish,Mirage,04-01-01-032,299,11/19/2004,117 14.950,32.61125,117.249167,43.7,19,0.12,Male,V0325,V0897,,vermilion,V-C,56478,98.97,,,
4212,2004,Vermilion Rockfish,Mirage,04-01-01-032,299,11/19/2004,117 14.975,32.611333,117.249583,43.9,34,0.72,Male,V0326,V0898,,vermilion,V-B,64025,98.97,,,5
4213,2004,Vermilion Rockfish,Mirage,04-01-01-032,299,11/19/2004,117 15.015,32.611617,117.25025,44.8,30,0.42,Male,V0328,V0900,,vermilion,V-C,62299,98.97,,,4
4214,2004,Vermilion Rockfish,Mirage,04-01-01-032,299,11/19/2004,117 15.015,32.611617,117.25025,44.8,37,0.86,Male,V0329,V0901,,vermilion,V-B,54951,98.46,,,4
4217,2004,Vermilion Rockfish,Mirage,04-01-01-032,299,11/19/2004,117 15.015,32.611617,117.25025,44.8,29,0.42,Male,V0330,V0902,Cryo sample taken.,vermilion,V-C,50041,98.97,,,4
4218,2004,Vermilion Rockfish,Mirage,04-01-01-032,299,11/19/2004,117 15.015,32.611617,117.25025,44.8,35,0.76,Male,V0327,V0899,,vermilion,V-C,66985,98.46,,,4
4222,2004,Vermilion Rockfish,Mirage,04-01-01-033,293,11/19/2004,117 19.061,32.806117,117.317683,51.2,42,1.24,Female,V0331,V0903,,vermilion,V-B,55775,98.97,,,8
4225,2004,Vermilion Rockfish,Mirage,04-01-01-008,152,11/11/2004,120 31.925,34.4416,120.532083,84.2,32,0.52,Male,V0162,V0353,,vermilion,V-C,68226,89.74,,,6
4227,2004,Vermilion Rockfish,Mirage,04-01-01-008,152,11/11/2004,120 31.925,34.4416,120.532083,84.2,34,0.7,Male,V0173,V0364,,vermilion,V-C,56740,84.1,,,5
4228,2004,Vermilion Rockfish,Mirage,04-01-01-008,152,11/11/2004,120 31.925,34.4416,120.532083,84.2,33,0.62,Male,V0174,V0365,,vermilion,V-C,61052,98.46,,,5
4229,2004,Vermilion Rockfish,Mirage,04-01-01-008,152,11/11/2004,120 31.925,34.4416,120.532083,84.2,31,0.54,Female,V0176,V0367,,vermilion,V-C,68071,97.95,,,4
4237,2004,Vermilion Rockfish,Mirage,04-01-01-008,152,11/11/2004,120 31.847,34.442217,120.530783,82.4,29,0.8,Male,V0159,V0350,Length-wt issues,vermilion,V-C,65611,97.44,,,6
4239,2004,Vermilion Rockfish,Mirage,04-01-01-008,152,11/11/2004,120 31.847,34.442217,120.530783,82.4,41,1.1,Male,V0139,V0330,,vermilion,V-C,60091,97.44,,,8
4240,2004,Vermilion Rockfish,Mirage,04-01-01-008,152,11/11/2004,120 31.847,34.442217,120.530783,82.4,38,1,Female,V0168,V0359,,vermilion,V-C,60512,98.97,,,7
4241,2004,Vermilion Rockfish,Mirage,04-01-01-008,152,11/11/2004,120 31.847,34.442217,120.530783,82.4,43,1.36,Male,V0144,V0335,,vermilion,V-C,64896,96.41,,,8
4242,2004,Vermilion Rockfish,Mirage,04-01-01-008,152,11/11/2004,120 31.847,34.442217,120.530783,82.4,39,1.12,Female,V0157,V0348,,vermilion,V-C,55137,98.97,,,9
4243,2004,Vermilion Rockfish,Mirage,04-01-01-008,152,11/11/2004,120 31.847,34.442217,120.530783,82.4,38,0.94,Male,V0138,V0329,,sunset,S,63897,98.97,,,5
4245,2004,Vermilion Rockfish,Mirage,04-01-01-008,152,11/11/2004,120 31.847,34.442217,120.530783,82.4,36,0.72,Female,V0155,V0346,,vermilion,V-C,62583,98.46,,,7
4247,2004,Vermilion Rockfish,Mirage,04-01-01-008,152,11/11/2004,120 31.847,34.442217,120.530783,82.4,39,0.96,Male,V0161,V0352,,vermilion,V-C,76945,77.95,,,
4249,2004,Vermilion Rockfish,Mirage,04-01-01-008,152,11/11/2004,120 31.847,34.442217,120.530783,82.4,42,1.3,Male,V0147,V0338,,vermilion,V-B,29776,77.44,,,9
4252,2004,Vermilion Rockfish,Mirage,04-01-01-008,152,11/11/2004,120 31.858,34.442467,120.530967,84.2,33,0.48,Female,V0142,V0333,,vermilion,V-C,52877,98.97,,,5
4254,2004,Vermilion Rockfish,Mirage,04-01-01-008,152,11/11/2004,120 31.858,34.442467,120.530967,84.2,39,0.94,Female,V0141,V0332,,vermilion,V-C,66547,96.92,,,6
4256,2004,Vermilion Rockfish,Mirage,04-01-01-008,152,11/11/2004,120 31.858,34.442467,120.530967,84.2,39,1.05,Female,V0146,V0337,,vermilion,V-C,35659,82.05,,,5
4259,2004,Vermilion Rockfish,Mirage,04-01-01-008,152,11/11/2004,120 31.858,34.442467,120.530967,84.2,44,1.56,Female,V0140,V0331,,vermilion,V-C,60957,97.95,,,6
4262,2004,Vermilion Rockfish,Mirage,04-01-01-008,152,11/11/2004,120 31.858,34.442467,120.530967,84.2,38,0.96,Male,V0167,V0358,,vermilion,V-C,65498,98.46,,,6
4263,2004,Vermilion Rockfish,Mirage,04-01-01-008,152,11/11/2004,120 31.879,34.442017,120.531317,84,39,1.02,Male,V0164,V0355,,vermilion,V-B,62411,98.46,,,8
4264,2004,Vermilion Rockfish,Mirage,04-01-01-008,152,11/11/2004,120 31.879,34.442017,120.531317,84,32,0.52,Female,V0156,V0347,,vermilion,V-C,65674,97.95,,,
4267,2004,Vermilion Rockfish,Mirage,04-01-01-008,152,11/11/2004,120 31.879,34.442017,120.531317,84,44,1.56,Male,V0154,V0345,,vermilion,V-C,60402,98.97,,,19
4269,2004,Vermilion Rockfish,Mirage,04-01-01-008,152,11/11/2004,120 31.879,34.442017,120.531317,84,32,0.56,Female,V0158,V0349,,vermilion,V-C,68892,94.87,,,5
4270,2004,Vermilion Rockfish,Mirage,04-01-01-008,152,11/11/2004,120 31.879,34.442017,120.531317,84,33,0.66,Female,V0165,V0356,,vermilion,V-C,71034,97.44,,,6
4271,2004,Vermilion Rockfish,Mirage,04-01-01-008,152,11/11/2004,120 31.879,34.442017,120.531317,84,32,0.54,Male,V0170,V0361,,vermilion,V-C,73470,87.18,,,5
4272,2004,Vermilion Rockfish,Mirage,04-01-01-008,152,11/11/2004,120 31.879,34.442017,120.531317,84,40,1.02,Male,V0153,V0344,,vermilion,V-C,68229,95.9,,,6
4278,2004,Vermilion Rockfish,Mirage,04-01-01-009,182,11/12/2004,120 34.521,34.08455,120.57535,126.3,52,2.54,Male,V0177,V0368,,sunset,S,61865,97.44,,,14
4279,2004,Vermilion Rockfish,Mirage,04-01-01-009,182,11/12/2004,120 34.521,34.08455,120.57535,126.3,41,1.24,Male,V0183,V0374,,vermilion,V-C,62289,98.46,,,5
4282,2004,Vermilion Rockfish,Mirage,04-01-01-009,182,11/12/2004,120 34.521,34.08455,120.57535,126.3,50,2,Male,V0185,V0376,,sunset,S,61543,96.92,,,10
4283,2004,Vermilion Rockfish,Mirage,04-01-01-009,182,11/12/2004,120 34.521,34.08455,120.57535,126.3,53,3.08,Female,V0181,V0372,,sunset,S,69844,94.87,,,14
4284,2004,Vermilion Rockfish,Mirage,04-01-01-009,182,11/12/2004,120 34.521,34.08455,120.57535,126.3,53,3.36,Female,V0180,V0371,,sunset,S,61215,98.46,,,20
4287,2004,Vermilion Rockfish,Mirage,04-01-01-009,182,11/12/2004,120 34.521,34.08455,120.57535,126.3,51,2.38,Male,V0179,V0370,,sunset,S,69736,89.74,,,
4288,2004,Vermilion Rockfish,Mirage,04-01-01-009,182,11/12/2004,120 34.521,34.08455,120.57535,126.3,48,1.82,Male,V0178,V0369,,sunset,S,61720,99.49,,,
4289,2004,Vermilion Rockfish,Mirage,04-01-01-009,182,11/12/2004,120 34.521,34.08455,120.57535,126.3,51,2.44,Male,V0186,V0377,,sunset,S,60315,98.46,,,16
4290,2004,Vermilion Rockfish,Mirage,04-01-01-009,182,11/12/2004,120 34.521,34.084467,120.57535,126.3,42,1.38,Male,V0188,V0378,,sunset,S,61950,97.95,,,7
4293,2004,Vermilion Rockfish,Mirage,04-01-01-009,182,11/12/2004,120 34.521,34.084467,120.57535,126.3,53,2.9,Female,V0191,V0380,,sunset,S,68112,89.74,,,16
4294,2004,Vermilion Rockfish,Mirage,04-01-01-009,182,11/12/2004,120 34.521,34.084467,120.57535,126.3,51,2.3,Male,V0192,V0381,,sunset,S,65425,98.46,,,16
4295,2004,Vermilion Rockfish,Mirage,04-01-01-009,182,11/12/2004,120 34.521,34.084467,120.57535,126.3,43,1.5,Female,V0184,V0375,,vermilion,V-C,70639,83.59,,,8
4300,2004,Vermilion Rockfish,Mirage,04-01-01-009,182,11/12/2004,120 34.521,34.084467,120.57535,126.3,47,2.26,Female,V0193,V0382,,sunset,S,57850,98.97,,,13
4303,2004,Vermilion Rockfish,Mirage,04-01-01-009,182,11/12/2004,120 34.527,34.0843,120.57545,126.3,56,3.48,Female,V0199,V0772,,sunset,S,56060,97.44,,,
4304,2004,Vermilion Rockfish,Mirage,04-01-01-009,182,11/12/2004,120 34.527,34.0843,120.57545,126.3,46,1.6,Male,V0197,V0770,,sunset,S,62760,98.46,,,7
4305,2004,Vermilion Rockfish,Mirage,04-01-01-009,182,11/12/2004,120 34.527,34.0843,120.57545,126.3,51,2.84,Female,V0200,V0773,,sunset,S,31033,90.26,,,16
4307,2004,Vermilion Rockfish,Mirage,04-01-01-009,182,11/12/2004,120 34.527,34.0843,120.57545,126.3,46,1.9,Male,V0196,V0769,,sunset,S,60991,98.46,,,
4311,2004,Vermilion Rockfish,Mirage,04-01-01-009,182,11/12/2004,120 34.527,34.0843,120.57545,126.3,47,2.1,Female,V0195,V0384,,vermilion,V-C,63962,97.95,,,8
4312,2004,Vermilion Rockfish,Mirage,04-01-01-009,182,11/12/2004,120 34.527,34.0843,120.57545,126.3,52,2.93,Female,V0198,V0771,,sunset,S,62276,98.97,,,10
4315,2004,Vermilion Rockfish,Mirage,04-01-01-009,182,11/12/2004,120 34.506,34.08445,120.5751,126.6,45,1.54,Male,V0202,V0775,,vermilion,V-C,59890,98.97,,,15
4316,2004,Vermilion Rockfish,Mirage,04-01-01-009,182,11/12/2004,120 34.506,34.08445,120.5751,126.6,45,1.54,Male,V0208,V0781,,vermilion,V-C,63337,98.46,,,9
4319,2004,Vermilion Rockfish,Mirage,04-01-01-009,182,11/12/2004,120 34.506,34.08445,120.5751,126.6,49,2.28,Female,V0207,V0780,,vermilion,V-C,54084,98.97,,,18
4320,2004,Vermilion Rockfish,Mirage,04-01-01-009,182,11/12/2004,120 34.506,34.08445,120.5751,126.6,50,2.02,Male,V0201,V0774,,sunset,S,38491,92.82,,,12
4321,2004,Vermilion Rockfish,Mirage,04-01-01-009,182,11/12/2004,120 34.506,34.08445,120.5751,126.6,41,1.25,Male,V0204,V0777,,vermilion,V-C,75218,97.44,,,11
4323,2004,Vermilion Rockfish,Mirage,04-01-01-009,182,11/12/2004,120 34.506,34.08445,120.5751,126.6,50,2.45,Female,V0203,V0776,,sunset,S,60802,98.97,,,8
4325,2004,Vermilion Rockfish,Mirage,04-01-01-009,182,11/12/2004,120 34.506,34.08445,120.5751,126.6,39,1.2,Female,V0205,V0778,,vermilion,V-C,60177,98.46,,,6
4326,2004,Vermilion Rockfish,Mirage,04-01-01-009,182,11/12/2004,120 34.506,34.08445,120.5751,126.6,50,2.05,Male,V0206,V0779,,sunset,S,63731,98.46,,,14
4327,2004,Vermilion Rockfish,Mirage,04-01-01-009,182,11/12/2004,120 34.508,34.084283,120.575133,128.1,43,1.5,Female,V0212,V0785,,vermilion,V-C,56397,92.31,,,9
4328,2004,Vermilion Rockfish,Mirage,04-01-01-009,182,11/12/2004,120 34.508,34.084283,120.575133,128.1,43,1.46,Male,V0211,V0784,,vermilion,V-C,61541,97.95,,,7
4331,2004,Vermilion Rockfish,Mirage,04-01-01-009,182,11/12/2004,120 34.508,34.084283,120.575133,128.1,47,1.84,Male,V0213,V0786,,sunset,S,62094,95.9,,,8
4332,2004,Vermilion Rockfish,Mirage,04-01-01-009,182,11/12/2004,120 34.508,34.084283,120.575133,128.1,38,0.96,Male,V0215,V0788,,vermilion,V-C,71689,88.21,,,6
4335,2004,Vermilion Rockfish,Mirage,04-01-01-009,182,11/12/2004,120 34.508,34.084283,120.575133,128.1,56,3.64,Female,V0210,V0783,,sunset,S,67862,95.9,,,
4336,2004,Vermilion Rockfish,Mirage,04-01-01-009,182,11/12/2004,120 34.508,34.084283,120.575133,128.1,49,2.5,Female,V0214,V0787,,sunset,S,42159,96.41,,,10
4339,2004,Vermilion Rockfish,Mirage,04-01-01-009,182,11/12/2004,120 34.508,34.084283,120.575133,128.1,51,2.26,Male,V0209,V0782,,sunset,S,65585,98.46,,,10
4365,2004,Vermilion Rockfish,Mirage,04-01-01-020,243,11/17/2004,118 39.618,33.9798,118.6603,135.4,40,1.08,Male,V0277,V0848,,sunset,S,59961,98.97,,,5
4369,2004,Vermilion Rockfish,Mirage,04-01-01-020,243,11/17/2004,118 39.618,33.9798,118.6603,135.4,36,0.88,Male,V0276,V0847,,sunset,S,59898,98.46,,,4
4371,2004,Vermilion Rockfish,Mirage,04-01-01-020,243,11/17/2004,118 39.618,33.9798,118.6603,135.4,38,0.98,Male,V0274,V0845,,sunset,S,60067,96.41,,,5
4378,2004,Vermilion Rockfish,Mirage,04-01-01-020,243,11/17/2004,118 39.618,33.979733,118.6603,135.4,39,1,Male,V0280,V0851,,sunset,S,61642,99.49,,,5
4415,2004,Vermilion Rockfish,Mirage,04-01-01-020,243,11/17/2004,118 39.605,33.979333,118.660083,139.6,35,0.78,Male,V0279,V0850,,sunset,S,56534,98.97,,,4
4450,2004,Vermilion Rockfish,Mirage,04-01-01-011,287,11/12/2004,120 15.742,34.094767,120.262367,86,43,1.2,Male,V0224,V0797,,vermilion,V-C,65078,98.46,,,14
4454,2004,Vermilion Rockfish,Mirage,04-01-01-011,287,11/12/2004,120 15.742,34.094767,120.262367,86,29,0.42,Male,V0225,V0798,,vermilion,V-C,64104,98.46,,,5
4455,2004,Vermilion Rockfish,Mirage,04-01-01-021,277,11/17/2004,118 35.109,33.87935,118.58515,77.8,33,0.58,Female,V0281,V0852,,vermilion,V-C,55719,96.92,,,5
4456,2004,Vermilion Rockfish,Mirage,04-01-01-021,277,11/17/2004,118 35.109,33.87935,118.58515,77.8,35,0.78,Female,V0282,V0853,,vermilion,V-C,66499,98.46,,,5
4457,2004,Vermilion Rockfish,Mirage,04-01-01-021,277,11/17/2004,118 35.109,33.87935,118.58515,77.8,36,0.88,Male,V0283,V0854,,vermilion,V-C,66316,89.74,,,5
4463,2004,Vermilion Rockfish,Mirage,04-01-01-021,277,11/17/2004,118 35.111,33.879417,118.585183,78.9,40,1.02,Male,V0284,V0855,,sunset,S,55914,99.49,,,5
4472,2004,Vermilion Rockfish,Mirage,04-01-01-011,287,11/12/2004,120 15.742,34.094767,120.262367,86,32,0.55,Male,V0223,V0796,,vermilion,V-C,71705,95.9,,,5
4474,2004,Vermilion Rockfish,Mirage,04-01-01-011,287,11/12/2004,120 15.735,34.09455,120.26225,86.9,33,0.56,Female,V0218,V0791,,vermilion,V-C,69656,98.46,,,5
4476,2004,Vermilion Rockfish,Mirage,04-01-01-011,287,11/12/2004,120 15.735,34.09455,120.26225,86.9,43,1.62,Female,V0222,V0795,,vermilion,V-C,55491,92.31,,,16
4478,2004,Vermilion Rockfish,Mirage,04-01-01-011,287,11/12/2004,120 15.735,34.09455,120.26225,86.9,38,0.86,Female,V0216,V0789,,vermilion,V-C,71251,97.95,,,7
4480,2004,Vermilion Rockfish,Mirage,04-01-01-011,287,11/12/2004,120 15.735,34.09455,120.26225,86.9,38,1,Female,V0219,V0792,,vermilion,V-C,67310,97.44,,,9
4481,2004,Vermilion Rockfish,Mirage,04-01-01-011,287,11/12/2004,120 15.735,34.09455,120.26225,86.9,42,1.24,Male,V0217,V0790,,vermilion,V-C,72566,84.1,,,12
4486,2004,Vermilion Rockfish,Mirage,04-01-01-011,287,11/12/2004,120 15.734,34.094583,120.262233,86.9,37,0.84,Male,V0226,V0799,,vermilion,V-C,66239,96.92,,,5
4493,2004,Vermilion Rockfish,Mirage,04-01-01-011,287,11/12/2004,120 15.734,34.094583,120.262233,86.9,39,1.02,Female,V0221,V0794,,vermilion,V-C,68973,94.87,,,5
4494,2004,Vermilion Rockfish,Mirage,04-01-01-011,287,11/12/2004,120 15.734,34.094583,120.262233,86.9,46,1.82,Female,V0220,V0793,,vermilion,V-C,60883,96.92,,,14
4495,2004,Vermilion Rockfish,Mirage,04-01-01-011,287,11/12/2004,120 15.738,34.094567,120.2623,86.9,40,1.06,Female,V0227,V0800,,vermilion,V-C,65580,97.95,,,9
4496,2004,Vermilion Rockfish,Mirage,04-01-01-011,287,11/12/2004,120 15.738,34.094567,120.2623,86.9,32,0.62,Male,V0235,V0808,,vermilion,V-C,62907,96.92,,,5
4502,2004,Vermilion Rockfish,Mirage,04-01-01-011,287,11/12/2004,120 15.738,34.094567,120.2623,86.9,41,1.18,Male,V0228,V0801,,vermilion,V-C,61464,98.46,,,9
4503,2004,Vermilion Rockfish,Mirage,04-01-01-011,287,11/12/2004,120 15.738,34.094567,120.2623,86.9,30,0.52,Male,V0236,V0809,,vermilion,V-C,46228,95.38,,,
4504,2004,Vermilion Rockfish,Mirage,04-01-01-011,287,11/12/2004,120 15.738,34.094567,120.2623,86.9,38,0.98,Male,V0229,V0802,,vermilion,V-C,65299,95.9,,,5
4508,2004,Vermilion Rockfish,Mirage,04-01-01-011,287,11/12/2004,120 15.738,34.094567,120.2623,86.9,40,0.96,Female,V0232,V0805,,vermilion,V-C,65003,97.44,,,7
4509,2004,Vermilion Rockfish,Mirage,04-01-01-023,77,11/17/2004,118 20.504,33.285333,118.341733,142.7,48,1.84,Male,V0286,V0857,,sunset,S,64908,98.97,,,9
4512,2004,Vermilion Rockfish,Mirage,04-01-01-011,287,11/12/2004,120 15.744,34.09455,120.2624,87.8,34,0.66,Male,V0233,V0806,,vermilion,V-C,72049,96.41,,,7
4514,2004,Vermilion Rockfish,Mirage,04-01-01-011,287,11/12/2004,120 15.744,34.09455,120.2624,87.8,36,0.78,Female,V0231,V0804,,vermilion,V-C,27810,83.08,,,5
4517,2004,Vermilion Rockfish,Mirage,04-01-01-023,77,11/17/2004,118 20.504,33.285333,118.341733,142.7,40,1,Female,V0288,V0859,,sunset,S,60478,97.95,,,5
4519,2004,Vermilion Rockfish,Mirage,04-01-01-011,287,11/12/2004,120 15.744,34.09455,120.2624,87.8,44,1.5,Male,V0230,V0803,,vermilion,V-C,53456,97.95,,,11
4521,2004,Vermilion Rockfish,Mirage,04-01-01-011,287,11/12/2004,120 15.744,34.09455,120.2624,87.8,33,0.5,Male,V0234,V0807,,vermilion,V-C,69645,88.21,,,5
4524,2004,Vermilion Rockfish,Mirage,04-01-01-023,77,11/17/2004,118 20.504,33.285333,118.341733,142.7,41,1.2,Female,V0289,V0860,,sunset,S,125627,99.49,,,5
4526,2004,Vermilion Rockfish,Mirage,04-01-01-023,77,11/17/2004,118 20.504,33.285333,118.341733,142.7,38,0.88,Female,V0287,V0858,,sunset,S,51208,98.97,,,6
4531,2004,Vermilion Rockfish,Mirage,04-01-01-023,77,11/17/2004,118 20.504,33.285333,118.341733,142.7,39,0.94,Female,V0285,V0856,,sunset,S,65979,98.97,,,5
4545,2004,Vermilion Rockfish,Mirage,04-01-01-013,232,11/13/2004,119 39.010,33.94085,119.650167,197.6,49,2.26,Female,V0245,V0818,,sunset,S,57426,98.46,,,8
4547,2004,Vermilion Rockfish,Mirage,04-01-01-013,232,11/13/2004,119 39.010,33.94085,119.650167,197.6,49,2,Female,V0238,V0811,,sunset,S,59890,91.79,,,7
4549,2004,Vermilion Rockfish,Mirage,04-01-01-023,77,11/17/2004,118 20.518,33.285383,118.341967,142.7,46,1.64,Female,V0291,V0862,,sunset,S,44649,98.46,,,9
4550,2004,Vermilion Rockfish,Mirage,04-01-01-023,77,11/17/2004,118 20.518,33.285383,118.341967,142.7,37,0.88,Male,V0290,V0861,,sunset,S,60097,98.97,,,7
4557,2004,Vermilion Rockfish,Mirage,04-01-01-013,232,11/13/2004,119 39.014,33.940467,119.650233,206.8,48,2.08,Female,V0237,V0810,,sunset,S,57957,89.23,,,10
4562,2004,Vermilion Rockfish,Mirage,04-01-01-013,232,11/13/2004,119 39.014,33.940467,119.650233,206.8,47,2.12,Female,V0241,V0814,,sunset,S,57106,99.49,,,8
4564,2004,Vermilion Rockfish,Mirage,04-01-01-023,77,11/17/2004,118 20.525,33.28535,118.342083,142.7,48,1.8,Male,V0298,V0869,,sunset,S,56111,98.97,,,7
4565,2004,Vermilion Rockfish,Mirage,04-01-01-023,77,11/17/2004,118 20.525,33.28535,118.342083,142.7,41,1.18,Male,V0295,V0866,,sunset,S,67284,93.33,,,7
4569,2004,Vermilion Rockfish,Mirage,04-01-01-013,232,11/13/2004,119 39.015,33.940483,119.65025,201.3,52,2.78,Female,V0239,V0812,,sunset,S,66456,96.92,,,8
4570,2004,Vermilion Rockfish,Mirage,04-01-01-013,232,11/13/2004,119 39.015,33.940483,119.65025,201.3,49,2.22,Male,V0243,V0816,,sunset,S,64760,98.46,,,10
4572,2004,Vermilion Rockfish,Mirage,04-01-01-023,77,11/17/2004,118 20.525,33.28535,118.342083,142.7,42,1.2,Female,V0293,V0864,,sunset,S,60194,97.95,,,7
4573,2004,Vermilion Rockfish,Mirage,04-01-01-013,232,11/13/2004,119 39.015,33.940483,119.65025,201.3,51,2.44,Male,V0244,V0817,,sunset,S,58094,98.97,,,14
4575,2004,Vermilion Rockfish,Mirage,04-01-01-023,77,11/17/2004,118 20.525,33.28535,118.342083,142.7,39,1,Male,V0294,V0865,,sunset,S,67252,97.95,,,6
4577,2004,Vermilion Rockfish,Mirage,04-01-01-023,77,11/17/2004,118 20.525,33.28535,118.342083,142.7,37,0.86,Female,V0292,V0863,,sunset,S,58327,98.97,,,5
4578,2004,Vermilion Rockfish,Mirage,04-01-01-013,232,11/13/2004,119 39.024,33.940433,119.6504,201.3,46,1.98,Female,V0242,V0815,,sunset,S,59290,97.95,,,7
4579,2004,Vermilion Rockfish,Mirage,04-01-01-013,232,11/13/2004,119 39.024,33.940433,119.6504,201.3,47,1.7,Male,V0240,V0813,,sunset,S,66396,95.38,,,7
4586,2004,Vermilion Rockfish,Mirage,04-01-01-023,77,11/17/2004,118 20.512,33.285367,118.341867,142.7,40,1.02,Female,V0297,V0868,,sunset,S,59681,98.97,,,10
4587,2004,Vermilion Rockfish,Mirage,04-01-01-023,77,11/17/2004,118 20.512,33.285367,118.341867,142.7,47,1.76,Female,V0296,V0867,,sunset,S,62935,97.95,,,9
4593,2004,Vermilion Rockfish,Mirage,04-01-01-023,77,11/17/2004,118 20.517,33.285333,118.34195,142.7,46,1.54,Male,V0300,V0872,,sunset,S,69860,90.77,,,8
4595,2004,Vermilion Rockfish,Mirage,04-01-01-023,77,11/17/2004,118 20.517,33.285333,118.34195,142.7,38,0.96,Female,V0299,V0870,,sunset,S,63535,82.56,,,4
4612,2004,Vermilion Rockfish,Mirage,04-01-01-014,48,11/13/2004,119 28.934,33.961417,119.482233,131.8,44,1.6,Male,V0250,V0821,,sunset,S,62230,97.44,,,8
4650,2004,Vermilion Rockfish,Mirage,04-01-01-015,226,11/13/2004,119 30.799,34.039167,119.513317,58.6,34,0.78,Male,V0251,V0822,,vermilion,V-B,70841,87.69,,,5
4722,2004,Vermilion Rockfish,Mirage,04-01-01-017,162,11/13/2004,119 02.451,34.007367,119.04085,86.4,40,0.98,Male,V0252,V0823,,vermilion,V-C,67000,98.46,,,8
4723,2004,Vermilion Rockfish,Mirage,04-01-01-017,162,11/13/2004,119 02.451,34.007367,119.04085,86.4,29,0.4,Female,V0254,V0825,,sunset,S,67717,96.92,,,4
4724,2004,Vermilion Rockfish,Mirage,04-01-01-017,162,11/13/2004,119 02.460,34.007483,119.041,86.4,35,0.64,Female,V0253,V0824,,vermilion,V-C,67740,98.46,,,
4740,2004,Vermilion Rockfish,Mirage,04-01-01-018,346,11/14/2004,120 04.457,33.751233,120.074283,159.2,51,2.4,Female,V0258,V0829,,sunset,S,60700,99.49,,,10
4752,2004,Vermilion Rockfish,Mirage,04-01-01-018,346,11/14/2004,120 04.448,33.751417,120.074133,159.2,50,2.08,Male,V0255,V0826,,sunset,S,61494,98.97,,,
4753,2004,Vermilion Rockfish,Mirage,04-01-01-018,346,11/14/2004,120 04.448,33.751417,120.074133,159.2,52,2.66,Female,V0257,V0828,,sunset,S,57913,98.46,,,12
4789,2004,Vermilion Rockfish,Mirage,04-01-01-018,346,11/14/2004,120 04.471,33.751533,120.074517,159.2,51,2.56,Female,V0256,V0827,,sunset,S,63135,97.95,,,13
4791,2004,Vermilion Rockfish,Mirage,04-01-01-019,352,11/14/2004,119 57.750,33.712633,119.9625,116.9,52,2.94,Female,V0267,V0838,,sunset,S,58361,97.44,,,16
4795,2004,Vermilion Rockfish,Mirage,04-01-01-019,352,11/14/2004,119 57.750,33.712633,119.9625,116.9,53,3.42,Female,V0270,V0841,,sunset,S,15995,82.56,,,
4798,2004,Vermilion Rockfish,Mirage,04-01-01-019,352,11/14/2004,119 57.750,33.712633,119.9625,116.9,53,2.74,Female,V0261,V0832,,sunset,S,71497,90.77,,,16
4802,2004,Vermilion Rockfish,Mirage,04-01-01-019,352,11/14/2004,119 57.750,33.712633,119.9625,116.9,51,2.7,Female,V0269,V0840,,sunset,S,63596,97.44,,,14
4803,2004,Vermilion Rockfish,Mirage,04-01-01-019,352,11/14/2004,119 57.750,33.712633,119.9625,116.9,48,2.48,Female,V0271,V0842,,sunset,S,62182,95.38,,,13
4804,2004,Vermilion Rockfish,Mirage,04-01-01-019,352,11/14/2004,119 57.738,33.7127,119.9623,122.6,48,2,Female,V0264,V0835,,sunset,S,59427,98.46,,,7
4810,2004,Vermilion Rockfish,Mirage,04-01-01-019,352,11/14/2004,119 57.738,33.7127,119.9623,122.6,48,2.22,Female,V0268,V0839,,sunset,S,60490,97.95,,,10
4811,2004,Vermilion Rockfish,Mirage,04-01-01-019,352,11/14/2004,119 57.738,33.7127,119.9623,122.6,50,2.42,Female,V0262,V0833,,sunset,S,57427,98.97,,,10
4814,2004,Vermilion Rockfish,Mirage,04-01-01-019,352,11/14/2004,119 57.738,33.7127,119.9623,122.6,44,1.56,Male,V0263,V0834,,sunset,S,66215,97.44,,,10
4822,2004,Vermilion Rockfish,Mirage,04-01-01-019,352,11/14/2004,119 57.750,33.712783,119.9625,122.6,44,1.46,Female,V0266,V0837,,sunset,S,59206,98.97,,,6
4825,2004,Vermilion Rockfish,Mirage,04-01-01-019,352,11/14/2004,119 57.750,33.712783,119.9625,122.6,46,1.74,Female,V0265,V0836,,sunset,S,50605,97.44,,,8
4830,2004,Vermilion Rockfish,Mirage,04-01-01-019,352,11/14/2004,119 57.750,33.71275,119.9625,121.7,52,3.06,Female,V0273,V0844,,sunset,S,65199,97.95,,,
4833,2004,Vermilion Rockfish,Mirage,04-01-01-019,352,11/14/2004,119 57.750,33.71275,119.9625,121.7,49,2.02,Male,V0272,V0843,,sunset,S,67092,96.92,,,15
4853,2004,Vermilion Rockfish,Mirage,04-01-01-038,326,11/21/2004,118 08.488,33.57275,118.141467,86,38,0.88,Male,V0334,V0906,,vermilion,V-C,64936,96.92,,,5
4862,2004,Vermilion Rockfish,Mirage,04-01-01-038,326,11/21/2004,118 08.521,33.572567,118.142017,86,36,0.7,Male,V0335,V0907,,vermilion,V-C,55813,98.97,,,5
4866,2004,Vermilion Rockfish,Mirage,04-01-01-038,326,11/21/2004,118 08.521,33.572567,118.142017,86,39,0.98,Female,V0336,V0908,,vermilion,V-C,69312,98.46,,,6
4870,2004,Vermilion Rockfish,Mirage,04-01-01-038,326,11/21/2004,118 08.534,33.572717,118.142233,84,38,0.88,Female,V0337,V0909,,vermilion,V-C,63497,98.97,,,5
4875,2004,Vermilion Rockfish,Mirage,04-01-01-029,33,11/19/2004,117 23.964,32.613683,117.3994,130.5,40,1.24,Male,V0314,V0886,,sunset,S,55182,98.97,,,5
4876,2004,Vermilion Rockfish,Mirage,04-01-01-029,33,11/19/2004,117 23.964,32.613683,117.3994,130.5,39,1.18,Female,V0308,V0880,,sunset,S,64528,97.95,,,5
4878,2004,Vermilion Rockfish,Mirage,04-01-01-029,33,11/19/2004,117 23.964,32.613683,117.3994,130.5,39,1.1,Male,V0310,V0882,,sunset,S,65803,97.95,,,5
4879,2004,Vermilion Rockfish,Mirage,04-01-01-029,33,11/19/2004,117 23.964,32.613683,117.3994,130.5,40,1.16,Female,V0306,V0878,,sunset,S,34066,95.9,,,5
4881,2004,Vermilion Rockfish,Mirage,04-01-01-029,33,11/19/2004,117 23.964,32.613683,117.3994,130.5,45,1.92,Female,V0311,V0883,,sunset,S,64191,99.49,,,8
4882,2004,Vermilion Rockfish,Mirage,04-01-01-029,33,11/19/2004,117 23.964,32.613683,117.3994,130.5,38,1,Male,V0312,V0884,,sunset,S,63017,97.44,,,5
4887,2004,Vermilion Rockfish,Mirage,04-01-01-029,33,11/19/2004,117 23.964,32.613683,117.3994,130.5,40,1.12,Male,V0307,V0879,,sunset,S,60487,98.97,,,5
4889,2004,Vermilion Rockfish,Mirage,04-01-01-029,33,11/19/2004,117 23.967,32.613633,117.39945,131.6,45,1.66,Female,V0309,V0881,,sunset,S,62868,98.46,,,7
4898,2004,Vermilion Rockfish,Mirage,04-01-01-029,33,11/19/2004,117 23.967,32.613633,117.39945,131.6,42,1.44,Male,V0317,V0889,,sunset,S,58666,98.97,,,6
4899,2004,Vermilion Rockfish,Mirage,04-01-01-029,33,11/19/2004,117 23.967,32.613633,117.39945,131.6,41,1.16,Male,V0315,V0887,,sunset,S,55408,95.38,,,5
4900,2004,Vermilion Rockfish,Mirage,04-01-01-029,33,11/19/2004,117 23.967,32.613633,117.39945,131.6,41,1.24,Male,V0316,V0888,,sunset,S,60178,98.46,,,5
4920,2004,Vermilion Rockfish,Mirage,04-01-01-020,243,11/17/2004,118 39.605,33.979333,118.660083,139.6,39,1.04,Male,V0278,V0849,,sunset,S,65982,96.41,,,5
